hold_days,stop_loss_frac,entry_threshold,total_return_pct,sharpe,max_drawdown_pct,hit_rate_pct,entries,exits,avg_days_held,stop_loss_exit_count
1,,,0.0,,0.0,0.0,366,366,1.0,0
1,,0.0,0.0,,0.0,0.0,242,242,1.0,0
1,,0.0005,0.0,,0.0,0.0,222,222,1.0,0
1,,0.001,0.0,,0.0,0.0,194,194,1.0,0
1,0.1,,0.0,,0.0,0.0,366,366,1.0,0
1,0.1,0.0,0.0,,0.0,0.0,242,242,1.0,0
1,0.1,0.0005,0.0,,0.0,0.0,222,222,1.0,0
1,0.1,0.001,0.0,,0.0,0.0,194,194,1.0,0
1,0.2,,0.0,,0.0,0.0,366,366,1.0,0
1,0.2,0.0,0.0,,0.0,0.0,242,242,1.0,0
1,0.2,0.0005,0.0,,0.0,0.0,222,222,1.0,0
1,0.2,0.001,0.0,,0.0,0.0,194,194,1.0,0
1,0.3,,0.0,,0.0,0.0,366,366,1.0,0
1,0.3,0.0,0.0,,0.0,0.0,242,242,1.0,0
1,0.3,0.0005,0.0,,0.0,0.0,222,222,1.0,0
1,0.3,0.001,0.0,,0.0,0.0,194,194,1.0,0
1,0.4,,0.0,,0.0,0.0,366,366,1.0,0
1,0.4,0.0,0.0,,0.0,0.0,242,242,1.0,0
1,0.4,0.0005,0.0,,0.0,0.0,222,222,1.0,0
1,0.4,0.001,0.0,,0.0,0.0,194,194,1.0,0
2,,,-5.364282685144328,-8.460337303684906,-5.617199667280485,2.7459344174886695,324,324,2.0,0
2,,0.0,-2.7855154118908154,-14.955138416375966,-2.8393686798656255,2.1860837110103972,224,224,2.0,0
2,,0.0005,-1.920715002275153,-21.220643010612967,-2.011969939700662,2.0527859237536656,206,206,2.0,0
2,,0.001,-1.806965270569505,-21.56482799396643,-1.9218290791354489,1.8395094641428953,183,183,2.0,0
2,0.1,,-5.364282685144328,-8.460337303684906,-5.617199667280485,2.7459344174886695,324,324,2.0,131
2,0.1,0.0,-2.7855154118908154,-14.955138416375966,-2.8393686798656255,2.1860837110103972,224,224,2.0,82
2,0.1,0.0005,-1.920715002275153,-21.220643010612967,-2.011969939700662,2.0527859237536656,206,206,2.0,75
2,0.1,0.001,-1.806965270569505,-21.56482799396643,-1.9218290791354489,1.8395094641428953,183,183,2.0,66
2,0.2,,-5.364282685144328,-8.460337303684906,-5.617199667280485,2.7459344174886695,324,324,2.0,105
2,0.2,0.0,-2.7855154118908154,-14.955138416375966,-2.8393686798656255,2.1860837110103972,224,224,2.0,66
2,0.2,0.0005,-1.920715002275153,-21.220643010612967,-2.011969939700662,2.0527859237536656,206,206,2.0,59
2,0.2,0.001,-1.806965270569505,-21.56482799396643,-1.9218290791354489,1.8395094641428953,183,183,2.0,53
2,0.3,,-5.364282685144328,-8.460337303684906,-5.617199667280485,2.7459344174886695,324,324,2.0,97
2,0.3,0.0,-2.7855154118908154,-14.955138416375966,-2.8393686798656255,2.1860837110103972,224,224,2.0,59
2,0.3,0.0005,-1.920715002275153,-21.220643010612967,-2.011969939700662,2.0527859237536656,206,206,2.0,54
2,0.3,0.001,-1.806965270569505,-21.56482799396643,-1.9218290791354489,1.8395094641428953,183,183,2.0,48
2,0.4,,-5.364282685144328,-8.460337303684906,-5.617199667280485,2.7459344174886695,324,324,2.0,80
2,0.4,0.0,-2.7855154118908154,-14.955138416375966,-2.8393686798656255,2.1860837110103972,224,224,2.0,47
2,0.4,0.0005,-1.920715002275153,-21.220643010612967,-2.011969939700662,2.0527859237536656,206,206,2.0,42
2,0.4,0.001,-1.806965270569505,-21.56482799396643,-1.9218290791354489,1.8395094641428953,183,183,2.0,37
3,,,-4.4523045183063275,-9.638516649018005,-4.867111904300625,5.251932817915223,262,262,3.0,0
3,,0.0,-3.052276692871392,-13.791284578491704,-3.2759552386609063,3.7856571580911753,189,189,3.0,0
3,,0.0005,-2.2153409115890255,-18.2310430107189,-2.494833978738508,3.6256998133830978,175,175,3.0,0
3,,0.001,-2.2252032593154336,-18.497240220501862,-2.4449761791162814,3.3057851239669422,156,156,3.0,0
3,0.1,,-4.890365414362918,-7.827989312078222,-5.2186051978593815,4.398826979472141,282,282,2.595744680851064,144
3,0.1,0.0,-2.583220751386339,-14.611530092249918,-2.6846031561659784,3.225806451612903,199,199,2.613065326633166,101
3,0.1,0.0005,-1.7127652211264777,-20.300664929390685,-1.8700641856967952,3.0925086643561714,185,185,2.627027027027027,93
3,0.1,0.001,-1.7383791509951396,-20.707854253477837,-1.8340694880787594,2.7725939749400164,163,163,2.638036809815951,83
3,0.2,,-4.967232544893962,-7.836917622791217,-5.302672065194426,4.558784324180219,276,276,2.681159420289855,116
3,0.2,0.0,-2.61297852374458,-14.625575761686582,-2.7176361981811477,3.3057851239669422,194,194,2.685567010309278,85
3,0.2,0.0005,-1.7350563067254243,-20.32777737526013,-1.8955966987873114,3.1724873367102107,179,179,2.7039106145251397,76
3,0.2,0.001,-1.7598536822868827,-20.700258815405217,-1.8604710736725323,2.852572647294055,160,160,2.7125,68
3,0.3,,-4.821472090125257,-7.844481734365266,-5.157061700668756,4.718741668888296,275,275,2.727272727272727,97
3,0.3,0.0,-2.6123385959404777,-14.624801130983933,-2.7169963843753773,3.4124233537723274,194,194,2.7268041237113403,72
3,0.3,0.0005,-1.7476613907163263,-20.32903731748877,-1.9081982566996392,3.225806451612903,179,179,2.7374301675977653,66
3,0.3,0.001,-1.7640837730450332,-20.70016940172811,-1.864699981127795,2.9058917621967475,160,160,2.74375,59
3,0.4,,-4.997371806275963,-7.735459035273359,-5.332497351176275,4.852039456145028,274,274,2.77007299270073,85
3,0.4,0.0,-3.009964693685785,-13.966051663840656,-3.114352952348166,3.4124233537723274,193,193,2.77720207253886,64
3,0.4,0.0005,-2.1374400540865257,-18.552403475996556,-2.2976692099945737,3.25246600906425,179,179,2.787709497206704,58
3,0.4,0.001,-2.153663705340225,-18.831162027099335,-2.254170934422729,2.932551319648094,160,160,2.79375,51
4,,,-4.1659080763423955,-7.8228225874303465,-4.51903012853003,7.011463609704078,239,239,4.0,0
4,,0.0,-2.8346428363921317,-13.23884973638096,-3.040387565364175,5.438549720074646,180,180,4.0,0
4,,0.0005,-2.04667883569154,-17.124754495629656,-2.306694469103529,5.19861370301253,170,170,4.0,0
4,,0.001,-2.1311962138028884,-17.628106831960764,-2.4294749262703608,4.798720341242335,152,152,4.0,0
4,0.1,,-3.812320819294568,-8.66285221146781,-4.025437456032547,5.358571047720607,264,264,3.087121212121212,147
4,0.1,0.0,-2.7385686684145982,-14.615893781582589,-2.828134963934112,4.132231404958678,193,193,3.1295336787564767,105
4,0.1,0.0005,-1.8018211479060908,-20.30895144445224,-1.9469378200407037,3.9722740602505997,182,182,3.142857142857143,99
4,0.1,0.001,-1.593909780943048,-20.262386645968462,-1.8640727671272765,3.6790189282857906,159,159,3.169811320754717,87
4,0.2,,-4.165284670285141,-8.672382772484772,-4.393804896429075,5.571847507331378,258,258,3.24031007751938,128
4,0.2,0.0,-2.804436728812787,-14.617234038388261,-2.8773478741925445,4.26552919221541,188,188,3.276595744680851,90
4,0.2,0.0005,-1.9409202229964895,-20.346822582567757,-2.0310746840373763,4.0522527326046385,176,176,3.2954545454545454,84
4,0.2,0.001,-1.7582437853723931,-20.29435427855011,-2.0108216272561172,3.732338043188483,156,156,3.3141025641025643,75
4,0.3,,-4.241188244516225,-8.68312228970219,-4.469522227244872,5.678485737136763,255,255,3.3058823529411763,117
4,0.3,0.0,-2.7466197576610396,-14.554658149301385,-2.8195689254800596,4.425486536923487,187,187,3.374331550802139,79
4,0.3,0.0005,-1.895678296644887,-20.177796278841075,-1.9858647969889232,4.18555051986137,176,176,3.375,75
4,0.3,0.001,-1.7089071062817984,-20.125414300749693,-1.9615198872794035,3.838976272993868,156,156,3.391025641025641,67
4,0.4,,-4.399235176663829,-8.534115987298414,-4.6271923012755725,5.945081311650227,254,254,3.3976377952755907,103
4,0.4,0.0,-3.1579859570234903,-13.904254747624288,-3.2117786298341575,4.505465209277526,186,186,3.467741935483871,70
4,0.4,0.0005,-2.2974895986814903,-18.432680701401356,-2.3858369635967147,4.318848307118102,176,176,3.471590909090909,67
4,0.4,0.001,-2.1018187714372916,-18.379045879642533,-2.354153301331035,3.998933617701946,156,156,3.4935897435897436,59
5,,,-2.923359017488536,-7.068894079491248,-4.671940091521429,8.957611303652358,225,225,5.0,0
5,,0.0,-1.144967379123929,-12.202821545269378,-2.1231383573126004,7.3047187416688875,172,172,5.0,0
5,,0.0005,-0.549364040269873,-15.315355685980142,-1.5046744519914592,6.878165822447348,160,160,5.0,0
5,,0.001,-0.8359035140037774,-15.753703215947203,-1.758573530390419,6.344974673420421,144,144,5.0,0
5,0.1,,-4.9231215808139055,-8.304097950517935,-5.498141728912317,6.131698213809651,254,254,3.5118110236220472,157
5,0.1,0.0,-2.244551286142782,-12.690888167929067,-2.778869238431754,4.745401226339642,182,182,3.5824175824175826,108
5,0.1,0.0005,-1.3165498584153834,-15.977716978571314,-1.925998938209032,4.532124766728873,172,172,3.5930232558139537,102
5,0.1,0.001,-0.9036927993143373,-16.244596166856773,-1.6492826088513717,4.132231404958678,153,153,3.5751633986928106,92
5,0.2,,-4.9024791473929685,-8.253260276061763,-5.801598693592586,6.6115702479338845,247,247,3.7408906882591095,133
5,0.2,0.0,-1.8558990810278342,-12.565921120674982,-2.5767955627157693,5.278592375366569,178,178,3.865168539325843,88
5,0.2,0.0005,-1.1059454485783826,-15.87947664957235,-1.8844576866649927,4.905358571047721,166,166,3.8734939759036147,83
5,0.2,0.001,-0.8948079475848303,-16.17185935032895,-1.6410831109130382,4.425486536923487,150,150,3.82,78
5,0.3,,-4.940634030807523,-8.267723596516923,-5.844156353620485,6.771527592641963,243,243,3.8518518518518516,126
5,0.3,0.0,-1.8635710249077286,-12.527730048846554,-2.563659323953502,5.438549720074646,179,179,3.988826815642458,84
5,0.3,0.0005,-1.0857490213501797,-15.795367002912824,-1.8576886865840563,5.091975473207145,166,166,4.0,78
5,0.3,0.001,-1.0516667546015324,-15.662163047827645,-1.7912258583923015,4.585443881631565,150,150,3.9466666666666668,74
5,0.4,,-5.15196942688847,-8.147332021853051,-6.055130220773427,6.958144494801386,239,239,3.9790794979079496,111
5,0.4,0.0,-1.9121262372481906,-12.51303451981822,-2.5951073379337766,5.571847507331378,178,178,4.101123595505618,77
5,0.4,0.0005,-1.1469785006465893,-15.767745107989496,-1.9188685451221246,5.251932817915223,166,166,4.114457831325301,72
5,0.4,0.001,-1.0866493610856787,-15.626495059971827,-1.8261801147502983,4.798720341242335,150,150,4.093333333333334,67
6,,,-3.5163492227994864,-8.678457163536532,-4.314716845873317,10.450546520927753,210,210,6.0,0
6,,0.0,-1.3700197402256586,-12.257552777466376,-2.131891262197249,8.557717941882165,163,163,6.0,0
6,,0.0005,-0.9841084647331022,-15.52286808993116,-1.7062536913303818,8.077845907757931,154,154,6.0,0
6,,0.001,-1.1172255482287063,-15.217495324507674,-1.8049141075087525,7.517995201279659,139,139,6.0,0
6,0.1,,-5.52130745868592,-7.71192655249134,-6.1191402031640765,6.771527592641963,248,248,3.838709677419355,163
6,0.1,0.0,-2.135248380644472,-12.647292581555117,-2.7102133508015944,5.6518261796854175,182,182,4.0,113
6,0.1,0.0005,-1.2070258133717093,-15.919686083749426,-1.8879736371865796,5.3319114902692615,171,171,4.023391812865497,106
6,0.1,0.001,-0.7761376825756616,-16.176101210607165,-1.6045778951687757,4.798720341242335,153,153,3.9869281045751634,96
6,0.2,,-5.338143813237939,-7.644778814339229,-6.076952535816802,7.731271660890429,243,243,4.20164609053498,138
6,0.2,0.0,-1.8618926330981278,-12.516708310322427,-2.4838419011337964,6.318315115969075,179,179,4.35754189944134,96
6,0.2,0.0005,-1.2377740165392281,-15.866382213207268,-1.9343528507324084,5.731804852039456,166,166,4.373493975903615,90
6,0.2,0.001,-1.018799395887482,-16.165916619258518,-1.6812648819538394,5.091975473207145,150,150,4.3,83
6,0.3,,-5.451291677684655,-7.654761093745235,-6.172650845245955,7.9178885630498534,240,240,4.35,130
6,0.3,0.0,-1.8068574689180772,-12.439734604112347,-2.401769784360102,6.531591575579846,180,180,4.511111111111111,91
6,0.3,0.0005,-1.1460968720694353,-15.703208390037172,-1.8335625013262473,5.971740869101573,166,166,4.530120481927711,83
6,0.3,0.001,-1.103612611258875,-15.581865018371502,-1.756792749888623,5.305251932817915,150,150,4.453333333333333,78
6,0.4,,-5.599217596909501,-7.550151638965918,-6.325456765436899,8.264462809917356,236,236,4.512711864406779,117
6,0.4,0.0,-1.8373796765413397,-12.425063801091108,-2.4076247548054504,6.664889362836576,179,179,4.636871508379889,85
6,0.4,0.0005,-1.1840664930755307,-15.678122405353907,-1.8714950880971633,6.158357771260997,166,166,4.662650602409639,78
6,0.4,0.001,-1.2734224208804767,-15.386325054170992,-1.9264369329841076,5.545187949880033,150,150,4.626666666666667,73
7,,,-1.3894757979535988,-9.566935390441175,-2.4348947160778955,12.71660890429219,212,212,7.0,0
7,,0.0,-0.6920567568372782,-16.66870769686486,-1.5097925766467868,10.077312716608905,160,160,7.0,0
7,,0.0005,-0.690184750061773,-16.759045956273592,-1.522893784684453,9.624100239936018,151,151,7.0,0
7,,0.001,-0.4955602588255337,-17.159495715581134,-1.297824390661471,8.850973073846975,138,138,7.0,0
7,0.1,,-3.8503754188387473,-7.928121019738273,-4.4454094843397405,7.757931218341775,242,242,4.260330578512397,162
7,0.1,0.0,-1.3507393270968504,-15.675409679098477,-1.8916828034558484,6.318315115969075,180,180,4.427777777777778,115
7,0.1,0.0005,-1.4371632279807423,-15.868722262299203,-2.1032631612554886,5.785123966942149,170,170,4.3882352941176475,110
7,0.1,0.001,-0.9813489708725975,-16.11444390636364,-1.834278166586492,5.171954145561183,151,151,4.357615894039735,99
7,0.2,,-3.369519794330045,-7.851966022748834,-4.189147962808692,9.25086643561717,234,234,4.8076923076923075,128
7,0.2,0.0,-1.236656711944073,-15.61933453062834,-1.9079866412429414,7.038123167155426,175,175,4.885714285714286,97
7,0.2,0.0005,-1.4066186654026813,-15.807621516131327,-2.1090877208981897,6.42495334577446,165,165,4.848484848484849,93
7,0.2,0.001,-1.1984121468138764,-16.09664314767275,-1.870452563648219,5.678485737136763,150,150,4.746666666666667,87
7,0.3,,-3.485659009381703,-7.862373940893524,-4.288656866740048,9.490802452679285,233,233,4.969957081545064,121
7,0.3,0.0,-1.329150728732631,-15.089839597536441,-1.9743879774716904,7.331378299120235,175,175,5.062857142857143,91
7,0.3,0.0005,-1.4633053096908433,-15.258062209155085,-2.156508837155401,6.824846707544655,165,165,5.048484848484849,86
7,0.3,0.001,-1.2618695928225288,-15.515236655021903,-1.9246367916913996,5.971740869101573,150,150,4.933333333333334,82
7,0.4,,-3.8410122830618953,-7.755239815329878,-4.644993798220786,9.890695814449481,230,230,5.2,112
7,0.4,0.0,-1.5756379821307398,-14.860115893488269,-2.2136796095496134,7.571314316182351,174,174,5.247126436781609,84
7,0.4,0.0005,-1.7128566690417402,-15.025189484761025,-2.407515627061562,7.118101839509464,165,165,5.236363636363636,80
7,0.4,0.001,-1.4106489630435814,-15.317318982266677,-2.074986044201936,6.318315115969075,150,150,5.153333333333333,75
8,,,-1.5289776499164742,-11.733540601743497,-2.2369540771993477,13.623033857637964,191,191,8.0,0
8,,0.0,-0.29001409890327956,-16.0909490244923,-0.914461299999252,10.583844308184483,134,134,8.0,0
8,,0.0005,-0.31256044870542343,-16.1665894598609,-0.9369890943360693,10.18395094641429,129,129,8.0,0
8,,0.001,-0.21346163333997303,-16.68371054747174,-0.8412925276134504,9.224206878165822,115,115,8.0,0
8,0.1,,-3.5743791029843597,-9.0416495615173,-4.213193751165527,8.15782458011197,234,234,4.6068376068376065,158
8,0.1,0.0,-1.292762461056296,-15.631143570218374,-1.8588902252468515,6.691548920287923,166,166,4.819277108433735,107
8,0.1,0.0005,-1.4051636259070355,-15.829639656387357,-2.084502393090413,6.158357771260997,160,160,4.73125,106
8,0.1,0.001,-1.0192335730595858,-16.091849640130395,-1.8556611500943792,5.465209277525993,141,141,4.6879432624113475,95
8,0.2,,-3.470612757383318,-8.978948302354786,-4.250424579695952,9.544121567581978,223,223,5.210762331838565,127
8,0.2,0.0,-1.2027919313652324,-15.57039681058928,-1.8111265477908578,7.43801652892562,160,160,5.33125,91
8,0.2,0.0005,-1.3772161327624821,-15.763594828307761,-2.036758653053616,6.851506264996001,154,154,5.233766233766234,89
8,0.2,0.001,-1.2096819966093797,-16.06846654855804,-1.838134024254107,6.025059984004265,139,139,5.100719424460432,83
8,0.3,,-3.610545245166563,-8.990834617436105,-4.373600065035692,9.917355371900827,222,222,5.423423423423423,120
8,0.3,0.0,-1.0795973282831883,-15.399020145980154,-1.6711218818494245,7.784590775793123,159,159,5.566037735849057,84
8,0.3,0.0005,-1.2135092686228366,-15.584305023201974,-1.873148996511296,7.3047187416688875,152,152,5.526315789473684,81
8,0.3,0.001,-1.0218159462922816,-15.881892885799788,-1.6503795270320476,6.371634230871767,137,137,5.372262773722627,76
8,0.4,,-3.6228401484905137,-8.712751496627988,-4.371539464781403,10.503865635830445,217,217,5.723502304147465,109
8,0.4,0.0,-1.3010645624155326,-15.376038079274782,-1.8898818893063614,7.997867235403892,156,156,5.756410256410256,78
8,0.4,0.0005,-1.4402364570309856,-15.564698784231014,-2.0997415564458524,7.544654758731005,150,150,5.713333333333333,76
8,0.4,0.001,-1.153149745215487,-15.916542980659557,-1.7816353411797707,6.664889362836576,135,135,5.6,71
9,,,-0.9190961728701486,-10.725093629844435,-1.9146366386754397,14.209544121567582,168,168,9.0,0
9,,0.0,0.046308455739718646,-16.68859926975901,-0.8245863580116111,11.19701412956545,124,124,9.0,0
9,,0.0005,-0.019981192235885015,-16.789591823702864,-0.8530433105569968,10.823780325246602,120,120,9.0,0
9,,0.001,-0.1639273542308861,-17.04723385723168,-0.9397100012688212,9.890695814449481,109,109,9.0,0
9,0.1,,-3.6904461878859096,-9.073123991723717,-4.320716189293528,8.691015729138895,218,218,4.922018348623853,151
9,0.1,0.0,-1.2912601403903934,-15.492696142223174,-1.9650238020391835,7.2513996267661955,162,162,5.203703703703703,109
9,0.1,0.0005,-1.4010919324057403,-15.689323085890775,-2.169410154572814,6.718208477739269,156,156,5.096153846153846,108
9,0.1,0.001,-1.0476043166119942,-15.995016879225949,-1.9613687450041453,5.918421754198881,138,138,5.028985507246377,97
9,0.2,,-3.663530060226994,-9.012465783343663,-4.439723292783991,9.624100239936018,205,205,5.560975609756097,126
9,0.2,0.0,-1.1494640000576317,-15.41620877097569,-1.9379680303223896,8.077845907757931,155,155,5.832258064516129,90
9,0.2,0.0005,-1.3180870589227345,-15.606836157905025,-2.138446065319105,7.517995201279659,149,149,5.724832214765101,87
9,0.2,0.001,-1.2045475193837363,-15.963958173482848,-1.960640555595895,6.558251133031192,135,135,5.555555555555555,81
9,0.3,,-3.7697574168202963,-9.049006211937247,-4.468773087485652,9.970674486803519,203,203,5.778325123152709,117
9,0.3,0.0,-1.0669565344181842,-15.238803062926456,-1.8390428542514023,8.424420154625434,154,154,6.090909090909091,83
9,0.3,0.0005,-1.2048932369071785,-15.423418360379456,-2.0253686794299295,7.944548120501199,147,147,6.0476190476190474,80
9,0.3,0.001,-1.0578657468187314,-15.77050747418206,-1.814109666330914,6.878165822447348,133,133,5.849624060150376,74
9,0.4,,-3.6062909754504435,-8.153181009707778,-4.3002550904521435,10.583844308184483,202,202,6.103960396039604,110
9,0.4,0.0,-1.0949133290332314,-14.785283186048575,-1.851384349590191,8.797653958944283,151,151,6.317880794701987,79
9,0.4,0.0005,-1.26074868856344,-14.966832634757395,-2.0721810522076054,8.317781924820048,145,145,6.268965517241379,77
9,0.4,0.001,-1.0183278089900383,-15.332748975897657,-1.7656267754449493,7.3047187416688875,131,131,6.114503816793893,71
10,,,-0.03527242919519891,-15.34947994716121,-0.7445771578294461,13.78299120234604,150,150,10.0,0
10,,0.0,-1.759627360115723,-12.549826422101871,-2.579946524884709,11.490269261530258,119,119,10.0,0
10,,0.0005,-1.8039576597095208,-12.601135995348082,-2.62413056133649,11.090375899760065,114,114,10.0,0
10,,0.001,-1.8968942775331343,-12.727554861404313,-2.7224252930205908,10.290589176219674,105,105,10.0,0
10,0.1,,-3.55536212767531,-9.059757651290342,-4.157127708882751,9.17088776326313,208,208,5.264423076923077,146
10,0.1,0.0,-2.0471979941474427,-13.817893325617554,-2.7426845653777976,7.65129298853639,162,162,5.512345679012346,115
10,0.1,0.0005,-2.105236365376084,-13.972277543022589,-2.904965072301473,7.064782724606772,156,156,5.384615384615385,113
10,0.1,0.001,-1.7836929756021913,-14.199777171022035,-2.662341460168313,6.185017328712343,138,138,5.304347826086956,102
10,0.2,,-3.411826557975095,-8.95252846186199,-4.247593857472778,10.210610503865636,191,191,6.12041884816754,115
10,0.2,0.0,-1.8288855987919295,-13.613817217603716,-2.708125699969803,8.584377499333511,152,152,6.296052631578948,89
10,0.2,0.0005,-1.9454463251618814,-13.763006586128908,-2.8661281855754033,7.997867235403892,146,146,6.184931506849315,86
10,0.2,0.001,-1.8361225641582712,-14.02818553353092,-2.653735661425433,6.958144494801386,132,132,6.0,80
10,0.3,,-3.5841338633593955,-8.992859444755112,-4.304480979599438,10.4772060783791,189,189,6.354497354497354,109
10,0.3,0.0,-1.8131946058003834,-13.485299236675234,-2.6636645625899207,8.984270861103706,151,151,6.6092715231788075,83
10,0.3,0.0005,-1.862425372069676,-13.62659692291045,-2.7831734065089337,8.504398826979472,144,144,6.5625,79
10,0.3,0.001,-1.7301755826677367,-13.891310707660836,-2.547873127752194,7.3047187416688875,130,130,6.3538461538461535,73
10,0.4,,-3.863515767111003,-8.80744001415296,-4.583335639731003,11.117035457211411,188,188,6.75531914893617,102
10,0.4,0.0,-1.997838252985329,-13.465734838291151,-2.840696864251274,9.224206878165822,149,149,6.791946308724833,81
10,0.4,0.0005,-2.064365617330477,-13.614858863335566,-2.9774885195394782,8.744334844041589,142,142,6.76056338028169,77
10,0.4,0.001,-1.8367224384435832,-13.912862580170739,-2.6468708870980926,7.597973873633698,128,128,6.59375,71
11,,,-1.839918541362251,-11.999713486551567,-2.482367988732544,14.369501466275661,143,143,11.0,0
11,,0.0,-2.027167335321167,-12.516767241170042,-2.7570447711359574,12.476672887230073,117,117,11.0,0
11,,0.0005,-2.09883191418907,-12.567274006156254,-2.82865222787373,12.023460410557185,113,113,11.0,0
11,,0.001,-2.1387928728598293,-12.70182944460333,-2.8431225785189542,11.143695014662756,104,104,11.0,0
11,0.1,,-4.000912057823058,-8.733433627415437,-4.589437207148569,9.944014929352173,207,207,5.570048309178744,147
11,0.1,0.0,-2.1704846444284387,-13.815100427347183,-2.839852884340915,7.997867235403892,161,161,5.770186335403727,120
11,0.1,0.0005,-2.225417994779899,-13.968492141055542,-2.9988167037074733,7.358037856571581,155,155,5.625806451612903,118
11,0.1,0.001,-1.912483086546246,-14.202710781449303,-2.7505907093896123,6.398293788323114,137,137,5.525547445255475,106
11,0.2,,-4.0201257287234,-8.685519813767835,-4.75325957750082,10.823780325246602,188,188,6.446808510638298,119
11,0.2,0.0,-2.0175981235955875,-13.74379896195932,-2.8429886948226923,9.064249533457746,151,151,6.635761589403973,98
11,0.2,0.0005,-2.1303014775833296,-13.895985473426986,-2.9988132766980233,8.45107971207678,145,145,6.517241379310345,95
11,0.2,0.001,-2.002654805415982,-14.17357542111796,-2.7808183703633635,7.331378299120235,131,131,6.305343511450381,88
11,0.3,,-4.180679921229591,-8.720624438596408,-4.815595498102052,11.143695014662756,187,187,6.711229946524064,115
11,0.3,0.0,-2.0919189407850314,-13.589850829116251,-2.883769128934448,9.464142895227939,150,150,6.993333333333333,90
11,0.3,0.0005,-2.1425268290946264,-13.733994560693102,-3.0044398556044123,8.930951746201012,143,143,6.944055944055944,85
11,0.3,0.001,-1.98139220637783,-14.001360263317109,-2.752983691168629,7.704612103439083,129,129,6.713178294573644,78
11,0.4,,-4.521578645009649,-8.563609341526055,-5.127962434639223,11.650226606238338,183,183,7.1256830601092895,106
11,0.4,0.0,-2.2661565714246823,-13.568873295017877,-3.029892474753162,9.730738469741402,146,146,7.239726027397261,84
11,0.4,0.0005,-2.3433265781145796,-13.720773747403847,-3.177104147771054,9.197547320714476,140,140,7.178571428571429,81
11,0.4,0.001,-2.0867985659128285,-14.021915862815131,-2.830330629650635,8.024526792855239,126,126,6.992063492063492,74
12,,,-0.37030868612349943,-15.568831497344753,-1.0438648692178998,15.222607304718741,140,140,12.0,0
12,,0.0,-0.2452425281077253,-16.729597941333544,-1.216264791464547,13.78299120234604,115,115,12.0,0
12,,0.0005,-0.3505569991265278,-16.857787472325402,-1.3214953188250878,13.383097840575847,112,112,12.0,0
12,,0.001,-0.46341523064152845,-17.108448523776033,-1.3458281734598148,12.503332444681417,104,104,12.0,0
12,0.1,,-3.576716068747565,-9.050648783068269,-4.1714558534251855,10.31724873367102,209,209,5.770334928229665,151
12,0.1,0.0,-1.5983025873997359,-15.3735871885291,-2.258072360861129,8.077845907757931,158,158,5.955696202531645,119
12,0.1,0.0005,-1.6575795638274826,-15.585370318187147,-2.453619970554362,7.411356971474274,152,152,5.7894736842105265,117
12,0.1,0.001,-1.3148822356842893,-15.935207046101931,-2.177758490768395,6.42495334577446,134,134,5.664179104477612,105
12,0.2,,-3.601804938848996,-9.001979233074161,-4.319611328370965,11.250333244468141,188,188,6.74468085106383,121
12,0.2,0.0,-1.4095942750788848,-15.27704738602874,-2.1898130737871124,9.330845107971207,147,147,6.965986394557823,96
12,0.2,0.0005,-1.5332953285092876,-15.482868564848383,-2.388870215551959,8.691015729138895,141,141,6.836879432624113,94
12,0.2,0.001,-1.3759749606557348,-15.880244754450047,-2.1432398237491936,7.517995201279659,127,127,6.5984251968503935,87
12,0.3,,-3.723579832229651,-9.036772941478576,-4.348323775274882,11.650226606238338,188,188,7.0,117
12,0.3,0.0,-1.396011704214628,-15.033520776065792,-2.149349213611808,9.864036256998133,146,146,7.36986301369863,88
12,0.3,0.0005,-1.4634317889726245,-15.229077942952092,-2.3190623625798574,9.277525993068515,139,139,7.323741007194244,84
12,0.3,0.001,-1.2726234705696338,-15.608566647248203,-2.039970712675968,7.997867235403892,125,125,7.072,77
12,0.4,,-4.042866992491301,-8.85461074139279,-4.649614022374866,11.943481738203147,183,183,7.404371584699454,108
12,0.4,0.0,-1.5335727340857863,-15.001528827148459,-2.2868005968601293,10.130631831511597,143,143,7.5874125874125875,82
12,0.4,0.0005,-1.6428926611187777,-15.211606329140704,-2.498380190736162,9.51746201013063,137,137,7.518248175182482,80
12,0.4,0.001,-1.3566909532308324,-15.641727134953403,-2.123971187147626,8.291122367368702,123,123,7.308943089430894,73
13,,,0.04480653209055774,-15.558315474668476,-0.7284921403370689,16.582244734737404,130,130,13.0,0
13,,0.0,-0.24618915723857437,-16.382910678986956,-1.3611824600787206,14.556118368435083,109,109,13.0,0
13,,0.0005,-0.32987461112953254,-16.467951916357354,-1.4448012102861703,14.4494801386297,108,108,13.0,0
13,,0.001,-0.44198386164908676,-16.718822954433012,-1.4727966187307384,13.383097840575847,99,99,13.0,0
13,0.1,,-3.4511140786003702,-9.016597697896302,-4.064052478564087,10.983737669954678,203,203,6.142857142857143,147
13,0.1,0.0,-1.6814122004750853,-15.280999782644983,-2.307906396041954,8.397760597174086,155,155,6.212903225806452,118
13,0.1,0.0005,-1.6182470100591373,-15.560452361656777,-2.3792463086799205,7.757931218341775,149,149,6.026845637583893,115
13,0.1,0.001,-1.2792233701511946,-15.913188406014507,-2.1103293694969234,6.798187150093309,132,132,5.9393939393939394,103
13,0.2,,-3.4659033968740927,-8.965593753316677,-4.2104922599356875,11.9168221807518,181,181,7.209944751381215,118
13,0.2,0.0,-1.475715992912885,-15.224702279393545,-2.2894925534661503,9.410823780325247,141,141,7.283687943262412,93
13,0.2,0.0005,-1.4769748794995818,-15.500037892661298,-2.3643419981757416,8.797653958944283,135,135,7.133333333333334,91
13,0.2,0.001,-1.285430525400133,-15.852470471593543,-2.088925837062306,7.837909890695814,123,123,6.959349593495935,84
13,0.3,,-3.5639016531053946,-9.000614566294747,-4.254068078187954,12.263396427619302,180,180,7.455555555555556,113
13,0.3,0.0,-1.6183236555239344,-14.70793246711429,-2.405094431248518,10.18395094641429,140,140,7.814285714285714,86
13,0.3,0.0005,-1.5619083098529885,-14.952673898626276,-2.4492077301133057,9.67741935483871,133,133,7.7669172932330826,82
13,0.3,0.001,-1.3864089263351254,-15.310635814729265,-2.1898237505173044,8.45107971207678,121,121,7.520661157024794,76
13,0.4,,-3.8024373039543535,-8.80811246475295,-4.511243043720509,12.823247134097574,174,174,7.931034482758621,103
13,0.4,0.0,-1.750485147176839,-14.673275295315761,-2.5562589034615235,10.343908291122366,136,136,8.036764705882353,79
13,0.4,0.0005,-1.739677276414986,-14.933728952810519,-2.645943324602658,9.970674486803519,131,131,7.99236641221374,77
13,0.4,0.001,-1.4687845034121794,-15.338465872627971,-2.2912419913220097,8.797653958944283,119,119,7.7899159663865545,71
14,,,0.12977623063861188,-15.30731515984776,-0.6408385881525566,17.861903492402025,130,130,14.0,0
14,,0.0,-0.3782007459989245,-16.186490338755593,-1.3653573315827567,15.702479338842975,109,109,14.0,0
14,,0.0005,-0.4754153824607421,-16.27360101228145,-1.4743569122020728,15.51586243668355,108,108,14.0,0
14,,0.001,-0.5667544400884794,-16.522463783344058,-1.5124907609809188,14.262863236470274,98,98,14.0,0
14,0.1,,-3.4956078809166624,-9.008134096195347,-4.105660275795805,11.516928818981604,202,202,6.381188118811881,147
14,0.1,0.0,-1.6881300439253955,-15.270677204499341,-2.2815958280381077,8.717675286590243,155,155,6.451612903225806,118
14,0.1,0.0005,-1.6886240783048456,-15.559917265643657,-2.3868734087601884,8.024526792855239,149,149,6.25503355704698,115
14,0.1,0.001,-1.3297613924415863,-15.914338436697449,-2.1287081006926387,7.011463609704078,132,132,6.159090909090909,103
14,0.2,,-3.502245358508649,-8.955690991185223,-4.259273081117063,12.71660890429219,181,181,7.558011049723757,118
14,0.2,0.0,-1.3965566440929278,-15.201869780247927,-2.2122530867945516,9.917355371900827,139,139,7.640287769784172,91
14,0.2,0.0005,-1.4658720749735399,-15.487287985931045,-2.308578197455215,9.224206878165822,133,133,7.473684210526316,89
14,0.2,0.001,-1.2457282233952927,-15.838823059266176,-2.0355493340614657,8.23780325246601,121,121,7.289256198347108,82
14,0.3,,-3.5924117663801436,-8.991551324781094,-4.290837475929748,13.009864036257,179,179,7.810055865921788,113
14,0.3,0.0,-1.510662660489781,-14.66421155809749,-2.278094620744204,10.770461210343909,138,138,8.22463768115942,84
14,0.3,0.0005,-1.518113468755522,-14.917334229201497,-2.360765707474054,10.210610503865636,131,131,8.17557251908397,80
14,0.3,0.001,-1.3224496982071288,-15.274207560850837,-2.112191675422247,8.930951746201012,119,119,7.915966386554622,74
14,0.4,,-3.8479053270383035,-8.79913013762145,-4.549934095042322,13.64969341508931,174,174,8.339080459770114,103
14,0.4,0.0,-1.6811240107052816,-14.630102866444929,-2.4576161722720964,11.037056784857372,135,135,8.503703703703703,78
14,0.4,0.0005,-1.7153857077425338,-14.894763791959573,-2.5756218665729524,10.61050386563583,130,130,8.453846153846154,76
14,0.4,0.001,-1.424328547709175,-15.297388815273948,-2.231752837411171,9.3841642228739,118,118,8.245762711864407,70
15,,,0.1597642203531091,-15.101229965226462,-0.6461125472038252,19.301519594774728,130,130,15.0,0
15,,0.0,-0.2496564500018783,-16.13415275522621,-1.2309881401472118,16.662223407091442,107,107,15.0,0
15,,0.0005,-0.3271888739554307,-16.220174530155905,-1.3196954358681618,16.502266062383363,106,106,15.0,0
15,,0.001,-0.49609961422782956,-16.484328217920545,-1.411917141974147,15.222607304718741,97,97,15.0,0
15,0.1,,-3.3364216517709155,-8.983787580271011,-3.9796481286750742,12.21007731271661,200,200,6.69,146
15,0.1,0.0,-1.6245941800270947,-15.23024259635765,-2.233612883201201,9.117568648360438,154,154,6.720779220779221,118
15,0.1,0.0005,-1.629394225812586,-15.523107409893804,-2.3802157416959178,8.424420154625434,149,149,6.483221476510067,116
15,0.1,0.001,-1.2806463698185389,-15.873794470062249,-2.139828414846654,7.3047187416688875,132,132,6.378787878787879,104
15,0.2,,-3.412429845965448,-8.938486927552018,-4.168224832284863,13.543055185283926,179,179,7.955307262569832,118
15,0.2,0.0,-1.3373550123486733,-15.151890319297184,-2.199157687540279,10.4772060783791,138,138,8.028985507246377,90
15,0.2,0.0005,-1.4115747111700383,-15.440287381164541,-2.347849399996571,9.757398027192748,133,133,7.804511278195489,89
15,0.2,0.001,-1.2221893031416853,-15.801057933423012,-2.0823622414190415,8.66435617168755,121,121,7.6115702479338845,82
15,0.3,,-3.52044687544385,-8.988222647242791,-4.2170048484663525,13.596374300186618,176,176,8.136363636363637,113
15,0.3,0.0,-1.4522492817506727,-14.660246988516425,-2.2787244773066795,11.223673687016795,136,136,8.602941176470589,84
15,0.3,0.0005,-1.4581817858671298,-14.919187912719371,-2.394381352905642,10.717142095441215,130,130,8.515384615384615,81
15,0.3,0.001,-1.3036376828744256,-15.290852839031219,-2.1636793417707767,9.304185550519861,118,118,8.23728813559322,75
15,0.4,,-3.760453080780801,-8.782652253304256,-4.456508495768141,14.396161023727005,172,172,8.738372093023257,105
15,0.4,0.0,-1.6455012449209772,-14.626757271773455,-2.4716870494600554,11.54358837643295,133,133,8.917293233082706,80
15,0.4,0.0005,-1.6621826475886836,-14.893272415573845,-2.5980534038277434,11.19701412956545,129,129,8.821705426356589,79
15,0.4,0.001,-1.4122451551110249,-15.310316559870188,-2.272111759306767,9.837376699546788,117,117,8.598290598290598,73
16,,,0.16674214706171586,-14.73406205792238,-0.6551437546689455,20.741135697147428,130,130,16.0,0
16,,0.0,-0.4675257995174875,-15.90703032497053,-1.348470255082162,17.70194614769395,106,106,16.0,0
16,,0.0005,-0.6004160346242404,-16.010999977862646,-1.4812287065545622,17.462010130631832,105,105,16.0,0
16,,0.001,-0.73228704757069,-16.298183963373344,-1.5692533451640351,16.129032258064516,96,96,16.0,0
16,0.1,,-3.497794355539019,-8.979754836004862,-4.0812582286449715,12.583311117035457,199,199,6.914572864321608,147
16,0.1,0.0,-1.7004715224486655,-15.195696540534493,-2.237720926144486,9.51746201013063,154,154,6.954545454545454,119
16,0.1,0.0005,-1.7526911047130111,-15.492711878132258,-2.399434114425516,8.770994401492935,148,148,6.736486486486487,116
16,0.1,0.001,-1.31053128385894,-15.854030431105507,-2.096575870122769,7.677952545987736,131,131,6.625954198473282,104
16,0.2,,-3.47960092324775,-8.92430528743245,-4.2150802190043715,14.102905891762196,178,178,8.252808988764045,119
16,0.2,0.0,-1.4165698836214657,-15.102330635643149,-2.1586551072340825,11.037056784857372,138,138,8.376811594202898,90
16,0.2,0.0005,-1.538422885436208,-15.394315939385722,-2.3290434714960067,10.237270061316982,132,132,8.181818181818182,88
16,0.2,0.001,-1.2796702491087886,-15.763257057909325,-2.026843103332281,9.17088776326313,120,120,7.983333333333333,81
16,0.3,,-3.6022272072473993,-8.974665551488371,-4.278264177287826,14.102905891762196,175,175,8.451428571428572,113
16,0.3,0.0,-1.6011808528887617,-14.615746661799527,-2.31619024861809,11.810183950946413,136,136,8.985294117647058,84
16,0.3,0.0005,-1.6542358574325622,-14.87839330062954,-2.4447372797010014,11.250333244468141,129,129,8.945736434108527,80
16,0.3,0.001,-1.404435579651231,-15.256000725446464,-2.1514800587060443,9.864036256998133,117,117,8.658119658119658,74
16,0.4,,-3.8589682626029465,-8.770512519420373,-4.52432750828274,14.95601173020528,171,171,9.087719298245615,105
16,0.4,0.0,-1.8196063324558587,-14.579435534668063,-2.534390982996256,12.156758197813916,133,133,9.31578947368421,80
16,0.4,0.0005,-1.9010909969384038,-14.858729632534681,-2.691338421801986,11.756864836043722,128,128,9.265625,78
16,0.4,0.001,-1.5558973296721401,-15.28092866689941,-2.3027859647306697,10.423886963476406,116,116,9.03448275862069,72
17,,,0.30979944917126634,-14.5790846553778,-0.632850458866111,21.994134897360702,130,130,17.0,0
17,,0.0,-0.3491080572409322,-15.680982605118915,-1.368738745511215,18.821647560650494,106,106,17.0,0
17,,0.0005,-0.4671736568459761,-15.780721096268442,-1.438406948812142,18.581711543588376,105,105,17.0,0
17,,0.001,-0.6863059492553392,-16.092290203002523,-1.5740426344587362,17.11543588376433,96,96,17.0,0
17,0.1,,-3.304583807257011,-8.945041056789892,-3.898890665049553,13.169821380965077,198,198,7.202020202020202,147
17,0.1,0.0,-1.6155536002389614,-15.147521059247513,-2.182501126643489,9.890695814449481,153,153,7.215686274509804,119
17,0.1,0.0005,-1.7194730672549174,-15.463297013269516,-2.3972220957188655,9.117568648360438,147,147,6.98639455782313,116
17,0.1,0.001,-1.3520429921661914,-15.853657614907616,-2.1456902423582296,7.8912290055985075,130,130,6.869230769230769,104
17,0.2,,-3.3048752572782503,-8.892375216938548,-4.064508492202576,14.716075713143162,177,177,8.621468926553673,120
17,0.2,0.0,-1.3486894718456544,-15.062115973768616,-2.111524762933026,11.570247933884298,137,137,8.773722627737227,91
17,0.2,0.0005,-1.5267296342800107,-15.373679855686792,-2.3393914812006407,10.717142095441215,131,131,8.564885496183207,89
17,0.2,0.001,-1.312435665525724,-15.757064077747827,-2.057037204359054,9.51746201013063,119,119,8.361344537815127,82
17,0.3,,-3.4208643643428016,-8.942022368120421,-4.116745464975943,14.742735270594508,174,174,8.844827586206897,113
17,0.3,0.0,-1.485753754747654,-14.561494524088243,-2.2215622438753373,12.396694214876034,135,135,9.422222222222222,84
17,0.3,0.0005,-1.5911091138030464,-14.841087153417968,-2.403704779083255,11.810183950946413,128,128,9.3828125,80
17,0.3,0.001,-1.4172680395360793,-15.244772940171572,-2.1617618114453037,10.263929618768328,116,116,9.086206896551724,74
17,0.4,,-3.6701580911756015,-8.737387143880357,-4.344364101401207,15.622500666488936,170,170,9.51764705882353,106
17,0.4,0.0,-1.7584556810257057,-14.543177581170985,-2.4939838345407925,12.743268461743535,132,132,9.757575757575758,81
17,0.4,0.0005,-1.8534379573562076,-14.823236735834556,-2.6657639504780066,12.290055985070648,127,127,9.700787401574804,79
17,0.4,0.001,-1.584203493604286,-15.271320649595921,-2.328525657071208,10.797120767795255,115,115,9.460869565217392,73
18,,,0.5459615823563801,-13.978080926778489,-0.5543108375104796,23.113836310317247,128,128,18.0,0
18,,0.0,-0.3642926066564911,-15.632069361744328,-1.3867665068301642,19.434817382031458,103,103,18.0,0
18,,0.0005,-0.4776627447960813,-15.736926907131465,-1.5000244828911586,19.168221807517995,102,102,18.0,0
18,,0.001,-0.616594203256482,-15.966851906485404,-1.575389958741389,18.101839509464142,95,95,18.0,0
18,0.1,,-3.168325081943568,-8.904374817216745,-3.832539363188324,13.889629432151427,196,196,7.433673469387755,146
18,0.1,0.0,-1.506497545604224,-15.067707188222958,-2.069697594325213,10.290589176219674,152,152,7.375,120
18,0.1,0.0005,-1.6474719363136714,-15.391142873140586,-2.3186425026005564,9.464142895227939,146,146,7.13013698630137,117
18,0.1,0.001,-1.3347950941906883,-15.814909102063247,-2.15416716614924,8.131165022660623,129,129,6.992248062015504,105
18,0.2,,-3.1830881329187988,-8.855914923534158,-4.036896967890115,15.649160223940283,175,175,8.994285714285715,118
18,0.2,0.0,-1.2850032206200068,-14.973442914774669,-2.067855912493204,12.236736870167956,136,136,9.132352941176471,92
18,0.2,0.0005,-1.5041828062137608,-15.29229363740694,-2.3340246953337527,11.356971474273527,131,131,8.885496183206106,91
18,0.2,0.001,-1.3059773293454313,-15.672986362128054,-2.0725912626205187,10.050653159157557,119,119,8.672268907563025,84
18,0.3,,-3.333995930202549,-8.906817472563601,-4.131387325102513,15.702479338842975,173,173,9.23121387283237,113
18,0.3,0.0,-1.3672425276452072,-14.435635340522717,-2.1231259678896546,13.169821380965077,135,135,9.8,86
18,0.3,0.0005,-1.506388110795509,-14.71972439164752,-2.336227780338113,12.556651559584111,128,128,9.7578125,81
18,0.3,0.001,-1.4148134809117252,-15.162267952556306,-2.1813178736437253,10.877099440149292,116,116,9.448275862068966,75
18,0.4,,-3.5928785584404044,-8.698763055189849,-4.36855746158639,16.60890429218875,169,169,9.934911242603551,106
18,0.4,0.0,-1.6063307005577565,-14.426474753409611,-2.3581548624715496,13.543055185283926,132,132,10.143939393939394,82
18,0.4,0.0005,-1.7199457851775124,-14.712041412114464,-2.545751872122299,13.063183151159691,127,127,10.078740157480315,80
18,0.4,0.001,-1.532977765808774,-15.199594739587026,-2.2955445867219275,11.436950146627565,115,115,9.826086956521738,74
19,,,-0.5685935430412736,-17.11898470622375,-0.7571323335176702,23.220474540122634,123,123,19.0,0
19,,0.0,-1.020869604831387,-20.842850113339562,-1.4073574239716975,19.514796054385496,98,98,19.0,0
19,,0.0005,-1.1291720188031817,-21.083049377825358,-1.4809068610778053,18.98160490535857,96,96,19.0,0
19,,0.001,-1.2252525707285855,-21.61975049518398,-1.5395694352287208,17.621967475339908,88,88,19.0,0
19,0.1,,-3.2165518874122667,-8.898411057141718,-3.8885253875067707,14.129565449213544,194,194,7.65979381443299,145
19,0.1,0.0,-1.623092380737623,-15.046122332919646,-2.159179791355606,10.583844308184483,152,152,7.5855263157894735,121
19,0.1,0.0005,-1.718306094009614,-15.368582765669467,-2.361398170122905,9.757398027192748,146,146,7.328767123287672,118
19,0.1,0.001,-1.3415924836040483,-15.810532085323832,-2.148274944901052,8.37110103972274,129,129,7.178294573643411,106
19,0.2,,-3.2049639752267933,-8.859484153381702,-4.064302581314358,15.542521994134898,172,172,9.151162790697674,118
19,0.2,0.0,-1.360237145623766,-14.958807020046443,-2.11281206903705,12.769928019194882,135,135,9.503703703703703,92
19,0.2,0.0005,-1.5371903862270053,-15.277922084679059,-2.3357989296313906,11.863503065849107,130,130,9.238461538461538,91
19,0.2,0.001,-1.3232954201468416,-15.657913822881136,-2.0847916944148817,10.503865635830445,118,118,9.016949152542374,84
19,0.3,,-3.410516632532401,-8.914650466457134,-4.196342030803015,15.649160223940283,170,170,9.411764705882353,115
19,0.3,0.0,-1.5126946129383478,-14.412121461812214,-2.2372594011471962,13.64969341508931,134,134,10.201492537313433,86
19,0.3,0.0005,-1.6049021913542072,-14.694427543357607,-2.40247132704486,13.063183151159691,127,127,10.165354330708661,81
19,0.3,0.001,-1.438510122631087,-15.149086592459398,-2.198920038611812,11.33031191682218,115,115,9.843478260869565,75
19,0.4,,-3.6911901703348016,-8.700450392464282,-4.455307076074563,16.60890429218875,166,166,10.150602409638553,107
19,0.4,0.0,-1.6977468010256014,-14.397927930224824,-2.418309976723306,14.076246334310852,131,131,10.564885496183207,81
19,0.4,0.0005,-1.8012202280643597,-14.682599656584655,-2.5947766163850585,13.56971474273527,126,126,10.492063492063492,79
19,0.4,0.001,-1.5394347698562738,-15.181625398209476,-2.295926222702383,11.890162623300453,114,114,10.228070175438596,73
20,,,-0.396017782809055,-16.69938446694113,-0.5969180260871112,23.513729672087443,119,119,20.0,0
20,,0.0,-0.889724142371906,-20.660404635301045,-1.3064230813721354,19.541455611836845,93,93,20.0,0
20,,0.0005,-0.9759248366951856,-20.91821902916671,-1.342713715052483,18.821647560650494,90,90,20.0,0
20,,0.001,-1.0920237304159364,-21.454324218055014,-1.4137366228090222,17.355371900826448,82,82,20.0,0
20,0.1,,-3.1324660111642255,-8.87830155896112,-3.7920010162977626,14.556118368435083,192,192,7.953125,143
20,0.1,0.0,-1.5554729144286683,-14.98930514930829,-2.0900948622717146,10.823780325246602,151,151,7.801324503311259,120
20,0.1,0.0005,-1.6525799413970699,-15.317214571380976,-2.2831376648282453,9.970674486803519,145,145,7.531034482758621,117
20,0.1,0.001,-1.3638169609619832,-15.803746384430442,-2.1592576568876076,8.53105838443082,128,128,7.3671875,105
20,0.2,,-3.195757293026591,-8.847687204324442,-4.035932694588488,15.72913889629432,170,170,9.423529411764706,117
20,0.2,0.0,-1.3565249068787533,-14.92913143895673,-2.1110872194394275,13.063183151159691,134,134,9.850746268656716,91
20,0.2,0.0005,-1.5353424667813087,-15.25518113752997,-2.3248462068940055,12.13009864036257,129,129,9.565891472868216,90
20,0.2,0.001,-1.3551372200426348,-15.646563368074853,-2.10843314033515,10.717142095441215,117,117,9.333333333333334,83
20,0.3,,-3.3831964909537438,-8.901729944829718,-4.149891744484761,15.702479338842975,167,167,9.664670658682635,113
20,0.3,0.0,-1.3823529015693614,-14.334223878517559,-2.10588303836296,13.889629432151427,132,132,10.522727272727273,86
20,0.3,0.0005,-1.4769287600990055,-14.620477181282945,-2.262377274717766,13.27645961077046,125,125,10.488,81
20,0.3,0.001,-1.3989378484363768,-15.113557058644128,-2.1480655342292962,11.463609704078912,113,113,10.141592920353983,75
20,0.4,,-3.716497331874047,-8.699737822938534,-4.460842206456099,16.422287390029325,161,161,10.397515527950311,104
20,0.4,0.0,-1.597179656248915,-14.315651903999417,-2.320472278823816,14.342841908824314,129,129,10.914728682170542,80
20,0.4,0.0005,-1.6871990437957618,-14.605865004963151,-2.472415081867443,13.78299120234604,124,124,10.830645161290322,78
20,0.4,0.001,-1.5138147426481785,-15.142215507975639,-2.262815419606396,12.023460410557185,112,112,10.544642857142858,72
