hold_days,stop_loss_frac,entry_threshold,dte_min,dte_max,exit_dte_threshold,entry_moneyness_min,entry_moneyness_max,entry_min_open_interest,entry_max_spread_frac,total_return_pct,sharpe,max_drawdown_pct,hit_rate_pct,entries,exits,avg_days_held,avg_bars_held,max_days_held,max_bars_held,stop_loss_exit_count,score
2,0.05,0.0005,30,45,10,,,,,-0.45656632201163116,-44.99774691248478,-0.5957193300216288,1.626233004532125,149,149,2.0,2.0,2,2,67,-0.6054961545170383
2,0.05,0.001,30,45,10,,,,,-0.4528070417664787,-48.40149430856779,-0.5696678684693471,1.466275659824047,135,135,2.0,2.0,2,2,63,-0.5952240088838154
2,0.05,0.0015,30,45,10,,,,,-0.38528665640803483,-63.12153292516597,-0.465539577963358,1.2796587576646228,118,118,2.0,2.0,2,2,58,-0.5016715508988743
2,0.05,0.002,30,45,10,,,,,-0.32134897052013,-64.10546209691516,-0.4558746971698064,1.1730205278592376,106,106,2.0,2.0,2,2,52,-0.4353176448125816
2,0.05,0.003,30,45,10,,,,,-0.2812223865799268,-67.49276882552584,-0.44600476563367547,0.9330845107971207,81,81,2.0,2.0,2,2,39,-0.3927235779883457
2,0.075,0.0005,30,45,10,,,,,-0.45656632201163116,-44.99774691248478,-0.5957193300216288,1.626233004532125,149,149,2.0,2.0,2,2,61,-0.6054961545170383
2,0.075,0.001,30,45,10,,,,,-0.4528070417664787,-48.40149430856779,-0.5696678684693471,1.466275659824047,135,135,2.0,2.0,2,2,57,-0.5952240088838154
2,0.075,0.0015,30,45,10,,,,,-0.38528665640803483,-63.12153292516597,-0.465539577963358,1.2796587576646228,118,118,2.0,2.0,2,2,53,-0.5016715508988743
2,0.075,0.002,30,45,10,,,,,-0.32134897052013,-64.10546209691516,-0.4558746971698064,1.1730205278592376,106,106,2.0,2.0,2,2,48,-0.4353176448125816
2,0.075,0.003,30,45,10,,,,,-0.2812223865799268,-67.49276882552584,-0.44600476563367547,0.9330845107971207,81,81,2.0,2.0,2,2,35,-0.3927235779883457
2,0.1,0.0005,30,45,10,,,,,-0.45656632201163116,-44.99774691248478,-0.5957193300216288,1.626233004532125,149,149,2.0,2.0,2,2,53,-0.6054961545170383
2,0.1,0.001,30,45,10,,,,,-0.4528070417664787,-48.40149430856779,-0.5696678684693471,1.466275659824047,135,135,2.0,2.0,2,2,49,-0.5952240088838154
2,0.1,0.0015,30,45,10,,,,,-0.38528665640803483,-63.12153292516597,-0.465539577963358,1.2796587576646228,118,118,2.0,2.0,2,2,45,-0.5016715508988743
2,0.1,0.002,30,45,10,,,,,-0.32134897052013,-64.10546209691516,-0.4558746971698064,1.1730205278592376,106,106,2.0,2.0,2,2,39,-0.4353176448125816
2,0.1,0.003,30,45,10,,,,,-0.2812223865799268,-67.49276882552584,-0.44600476563367547,0.9330845107971207,81,81,2.0,2.0,2,2,28,-0.3927235779883457
2,0.125,0.0005,30,45,10,,,,,-0.45656632201163116,-44.99774691248478,-0.5957193300216288,1.626233004532125,149,149,2.0,2.0,2,2,48,-0.6054961545170383
2,0.125,0.001,30,45,10,,,,,-0.4528070417664787,-48.40149430856779,-0.5696678684693471,1.466275659824047,135,135,2.0,2.0,2,2,44,-0.5952240088838154
2,0.125,0.0015,30,45,10,,,,,-0.38528665640803483,-63.12153292516597,-0.465539577963358,1.2796587576646228,118,118,2.0,2.0,2,2,40,-0.5016715508988743
2,0.125,0.002,30,45,10,,,,,-0.32134897052013,-64.10546209691516,-0.4558746971698064,1.1730205278592376,106,106,2.0,2.0,2,2,35,-0.4353176448125816
2,0.125,0.003,30,45,10,,,,,-0.2812223865799268,-67.49276882552584,-0.44600476563367547,0.9330845107971207,81,81,2.0,2.0,2,2,25,-0.3927235779883457
2,0.15,0.0005,30,45,10,,,,,-0.45656632201163116,-44.99774691248478,-0.5957193300216288,1.626233004532125,149,149,2.0,2.0,2,2,44,-0.6054961545170383
2,0.15,0.001,30,45,10,,,,,-0.4528070417664787,-48.40149430856779,-0.5696678684693471,1.466275659824047,135,135,2.0,2.0,2,2,40,-0.5952240088838154
2,0.15,0.0015,30,45,10,,,,,-0.38528665640803483,-63.12153292516597,-0.465539577963358,1.2796587576646228,118,118,2.0,2.0,2,2,36,-0.5016715508988743
2,0.15,0.002,30,45,10,,,,,-0.32134897052013,-64.10546209691516,-0.4558746971698064,1.1730205278592376,106,106,2.0,2.0,2,2,31,-0.4353176448125816
2,0.15,0.003,30,45,10,,,,,-0.2812223865799268,-67.49276882552584,-0.44600476563367547,0.9330845107971207,81,81,2.0,2.0,2,2,22,-0.3927235779883457
2,0.2,0.0005,30,45,10,,,,,-0.45656632201163116,-44.99774691248478,-0.5957193300216288,1.626233004532125,149,149,2.0,2.0,2,2,38,-0.6054961545170383
2,0.2,0.001,30,45,10,,,,,-0.4528070417664787,-48.40149430856779,-0.5696678684693471,1.466275659824047,135,135,2.0,2.0,2,2,33,-0.5952240088838154
2,0.2,0.0015,30,45,10,,,,,-0.38528665640803483,-63.12153292516597,-0.465539577963358,1.2796587576646228,118,118,2.0,2.0,2,2,31,-0.5016715508988743
2,0.2,0.002,30,45,10,,,,,-0.32134897052013,-64.10546209691516,-0.4558746971698064,1.1730205278592376,106,106,2.0,2.0,2,2,26,-0.4353176448125816
2,0.2,0.003,30,45,10,,,,,-0.2812223865799268,-67.49276882552584,-0.44600476563367547,0.9330845107971207,81,81,2.0,2.0,2,2,19,-0.3927235779883457
2,0.3,0.0005,30,45,10,,,,,-0.45656632201163116,-44.99774691248478,-0.5957193300216288,1.626233004532125,149,149,2.0,2.0,2,2,33,-0.6054961545170383
2,0.3,0.001,30,45,10,,,,,-0.4528070417664787,-48.40149430856779,-0.5696678684693471,1.466275659824047,135,135,2.0,2.0,2,2,29,-0.5952240088838154
2,0.3,0.0015,30,45,10,,,,,-0.38528665640803483,-63.12153292516597,-0.465539577963358,1.2796587576646228,118,118,2.0,2.0,2,2,27,-0.5016715508988743
2,0.3,0.002,30,45,10,,,,,-0.32134897052013,-64.10546209691516,-0.4558746971698064,1.1730205278592376,106,106,2.0,2.0,2,2,22,-0.4353176448125816
2,0.3,0.003,30,45,10,,,,,-0.2812223865799268,-67.49276882552584,-0.44600476563367547,0.9330845107971207,81,81,2.0,2.0,2,2,16,-0.3927235779883457
2,0.4,0.0005,30,45,10,,,,,-0.45656632201163116,-44.99774691248478,-0.5957193300216288,1.626233004532125,149,149,2.0,2.0,2,2,25,-0.6054961545170383
2,0.4,0.001,30,45,10,,,,,-0.4528070417664787,-48.40149430856779,-0.5696678684693471,1.466275659824047,135,135,2.0,2.0,2,2,21,-0.5952240088838154
2,0.4,0.0015,30,45,10,,,,,-0.38528665640803483,-63.12153292516597,-0.465539577963358,1.2796587576646228,118,118,2.0,2.0,2,2,20,-0.5016715508988743
2,0.4,0.002,30,45,10,,,,,-0.32134897052013,-64.10546209691516,-0.4558746971698064,1.1730205278592376,106,106,2.0,2.0,2,2,16,-0.4353176448125816
2,0.4,0.003,30,45,10,,,,,-0.2812223865799268,-67.49276882552584,-0.44600476563367547,0.9330845107971207,81,81,2.0,2.0,2,2,11,-0.3927235779883457
3,0.05,0.0005,30,45,10,,,,,-0.4414138279118851,-41.839049025982185,-0.6258535921606633,2.2927219408157824,138,138,2.550724637681159,2.550724637681159,3,3,77,-0.597877225952051
3,0.05,0.001,30,45,10,,,,,-0.4749230701351803,-45.49191428998544,-0.5913938924367466,2.079445481205012,124,124,2.532258064516129,2.532258064516129,3,3,72,-0.622771543244367
3,0.05,0.0015,30,45,10,,,,,-0.3988450027596735,-57.673236249215385,-0.5062951458166937,1.7861903492402027,110,110,2.5,2.5,3,3,68,-0.5254187892138469
3,0.05,0.002,30,45,10,,,,,-0.3186161827688383,-58.51811701158142,-0.480344652329225,1.7062116768861637,100,100,2.5,2.5,3,3,61,-0.43870234585114454
3,0.05,0.003,30,45,10,,,,,-0.32298321669322894,-61.08458758372473,-0.52292176107511,1.3329778725673154,78,78,2.5,2.5,3,3,49,-0.45371365696200644
3,0.075,0.0005,30,45,10,,,,,-0.43921625377113527,-41.77212845082953,-0.6158766858250524,2.346041055718475,138,138,2.5869565217391304,2.5869565217391304,3,3,74,-0.5931854252273984
3,0.075,0.001,30,45,10,,,,,-0.4727254959944305,-45.405840818037454,-0.5732877796446749,2.132764596107705,124,124,2.5725806451612905,2.5725806451612905,3,3,69,-0.6160474409055992
3,0.075,0.0015,30,45,10,,,,,-0.39664742861893476,-57.49557893979245,-0.48943505782777524,1.8395094641428953,110,110,2.5454545454545454,2.5454545454545454,3,3,65,-0.5190061930758786
3,0.075,0.002,30,45,10,,,,,-0.314506167259232,-58.33225775071223,-0.46032670019794836,1.7595307917888565,100,100,2.54,2.54,3,3,58,-0.42958784230871905
3,0.075,0.003,30,45,10,,,,,-0.3188732011836226,-60.872975454196805,-0.5029057599267875,1.3862969874700082,78,78,2.551282051282051,2.551282051282051,3,3,46,-0.44459964116531947
3,0.1,0.0005,30,45,10,,,,,-0.4117387398732242,-41.66299741979536,-0.5912692479769548,2.4526792855238604,138,138,2.63768115942029,2.63768115942029,3,3,68,-0.5595560518674629
3,0.1,0.001,30,45,10,,,,,-0.4452479820965305,-45.26847672538619,-0.548676042797317,2.2394028259130896,124,124,2.629032258064516,2.629032258064516,3,3,63,-0.5824169927958598
3,0.1,0.0015,30,45,10,,,,,-0.420285694473721,-57.06940396214222,-0.49693332978007965,1.919488136496934,110,110,2.609090909090909,2.609090909090909,3,3,60,-0.5445190269187409
3,0.1,0.002,30,45,10,,,,,-0.34029194638447446,-57.885879750716775,-0.4628861672801282,1.8395094641428953,100,100,2.62,2.62,3,3,53,-0.4560134882045065
3,0.1,0.003,30,45,10,,,,,-0.3561042300066375,-60.437923234707426,-0.5104033745301335,1.4396161023727005,78,78,2.641025641025641,2.641025641025641,3,3,43,-0.48370507363917087
3,0.125,0.0005,30,45,10,,,,,-0.43250427298072713,-41.587326539453905,-0.6147111713212904,2.479338842975207,137,137,2.6715328467153285,2.6715328467153285,3,3,64,-0.5861820658110497
3,0.125,0.001,30,45,10,,,,,-0.46601351520403345,-45.170132155445174,-0.5541424156800905,2.2660623833644364,123,123,2.6666666666666665,2.6666666666666665,3,3,59,-0.6045491191240561
3,0.125,0.0015,30,45,10,,,,,-0.44105122758123505,-56.862498046018864,-0.5023997026628415,1.9461476939482807,109,109,2.6513761467889907,2.6513761467889907,3,3,57,-0.5666511532469454
3,0.125,0.002,30,45,10,,,,,-0.3430724913219829,-57.52225378804927,-0.46835254016289013,1.8928285790455877,100,100,2.66,2.66,3,3,50,-0.46016062636270544
3,0.125,0.003,30,45,10,,,,,-0.3432425436821762,-60.12955306762045,-0.5002333462880352,1.4929352172753934,78,78,2.6794871794871793,2.6794871794871793,3,3,40,-0.46830088025418504
3,0.15,0.0005,30,45,10,,,,,-0.43498970365432044,-41.57785881714472,-0.6171954225781577,2.5059984004265528,137,137,2.7007299270072993,2.7007299270072993,3,3,63,-0.5892885592988599
3,0.15,0.001,30,45,10,,,,,-0.48135927397783274,-45.128499037065886,-0.5694834273190283,2.2927219408157824,123,123,2.6991869918699187,2.6991869918699187,3,3,58,-0.6237301308075898
3,0.15,0.0015,30,45,10,,,,,-0.45639698635502324,-56.776578414758404,-0.5050529735378427,1.9728072513996269,109,109,2.688073394495413,2.688073394495413,3,3,56,-0.582660229739484
3,0.15,0.002,30,45,10,,,,,-0.3584182500957711,-57.432522884356814,-0.477190488776781,1.919488136496934,100,100,2.7,2.7,3,3,49,-0.47771587228996637
3,0.15,0.003,30,45,10,,,,,-0.36446719479518164,-60.0480766004381,-0.5214493636985746,1.4929352172753934,78,78,2.717948717948718,2.717948717948718,3,3,40,-0.4948295357198253
3,0.2,0.0005,30,45,10,,,,,-0.3887354080271299,-41.24033463727046,-0.5732085137435,2.5593175153292456,136,136,2.7426470588235294,2.7426470588235294,3,3,55,-0.5320375364630049
3,0.2,0.001,30,45,10,,,,,-0.4359673360349259,-44.69796634871481,-0.5375563106720918,2.346041055718475,122,122,2.7540983606557377,2.7540983606557377,3,3,50,-0.5703564137029489
3,0.2,0.0015,30,45,10,,,,,-0.421351140628623,-56.00796995768506,-0.4722637442994015,1.999466808850973,108,108,2.7314814814814814,2.7314814814814814,3,3,49,-0.5394170767034734
3,0.2,0.002,30,45,10,,,,,-0.32337240436937087,-56.636518243785055,-0.44440125028962235,1.9461476939482807,99,99,2.7474747474747474,2.7474747474747474,3,3,42,-0.43447271694177647
3,0.2,0.003,30,45,10,,,,,-0.3745497163467393,-60.02287329260646,-0.5314947694066432,1.466275659824047,77,77,2.7532467532467533,2.7532467532467533,3,3,35,-0.5074234086984001
3,0.3,0.0005,30,45,10,,,,,-0.39951437788433575,-41.2284503330797,-0.5839823722087705,2.6126366302319384,136,136,2.7794117647058822,2.7794117647058822,3,3,46,-0.5455099709365283
3,0.3,0.001,30,45,10,,,,,-0.43837131265936913,-44.69132486312289,-0.5404440414736702,2.3993601706211676,122,122,2.7868852459016393,2.7868852459016393,3,3,41,-0.5734823230277867
3,0.3,0.0015,30,45,10,,,,,-0.42375511725307735,-55.99430625668114,-0.4757274398372929,2.0527859237536656,108,108,2.7685185185185186,2.7685185185185186,3,3,41,-0.5426869772124006
3,0.3,0.002,30,45,10,,,,,-0.3257763809938363,-56.6222873133662,-0.44728898109120074,1.999466808850973,99,99,2.787878787878788,2.787878787878788,3,3,36,-0.4375986262666365
3,0.3,0.003,30,45,10,,,,,-0.37743833977117447,-60.00656624637905,-0.5343822187635519,1.4929352172753934,77,77,2.792207792207792,2.792207792207792,3,3,30,-0.5110338944620625
3,0.4,0.0005,30,45,10,,,,,-0.7890943101795278,-30.005038084059045,-0.956022172634257,2.6392961876832843,136,136,2.838235294117647,2.838235294117647,3,3,39,-1.028099853338092
3,0.4,0.001,30,45,10,,,,,-0.8279512449545834,-31.269079101818882,-0.9401438102992562,2.426019728072514,122,122,2.8524590163934427,2.8524590163934427,3,3,34,-1.0629871975293974
3,0.4,0.0015,30,45,10,,,,,-0.26926016739152736,-44.83941732737407,-0.508985367813804,2.1061050386563585,108,108,2.8333333333333335,2.8333333333333335,3,3,34,-0.39650650934497833
3,0.4,0.002,30,45,10,,,,,-0.18251498714062508,-45.18229827675493,-0.4749378537899275,2.0261263663023192,99,99,2.8484848484848486,2.8484848484848486,3,3,30,-0.3012494505881069
3,0.4,0.003,30,45,10,,,,,-0.22433492071587402,-46.8787764959929,-0.5051721497002569,1.5195947747267395,77,77,2.857142857142857,2.857142857142857,3,3,24,-0.3506279581409383
4,0.05,0.0005,30,45,10,,,,,-0.4659620863530334,-43.72801022520531,-0.6219683373246511,2.8259130898427087,136,136,3.0073529411764706,3.0073529411764706,4,4,83,-0.6214541706841962
4,0.05,0.001,30,45,10,,,,,-0.6727896989284776,-38.54740976967611,-0.7873988472959599,2.6126366302319384,123,123,2.959349593495935,2.959349593495935,4,4,79,-0.8696394107524676
4,0.05,0.0015,30,45,10,,,,,-0.6002481359170697,-45.18208264310449,-0.690180038027782,2.159424153559051,109,109,2.889908256880734,2.889908256880734,4,4,75,-0.7727931454240152
4,0.05,0.002,30,45,10,,,,,-0.494809129041629,-45.61565158588973,-0.6390459223997813,2.079445481205012,99,99,2.898989898989899,2.898989898989899,4,4,65,-0.6545706096415743
4,0.05,0.003,30,45,10,,,,,-0.48628180827727796,-46.92743820979948,-0.6491285127401648,1.5729138896294321,77,77,2.883116883116883,2.883116883116883,4,4,52,-0.6485639364623191
4,0.075,0.0005,30,45,10,,,,,-0.4596283440973292,-43.64541453166439,-0.614501831731914,2.932551319648094,136,136,3.0661764705882355,3.0661764705882355,4,4,79,-0.6132538020303078
4,0.075,0.001,30,45,10,,,,,-0.6664559566727846,-38.491567405678026,-0.7651659680992797,2.719274860037323,123,123,3.024390243902439,3.024390243902439,4,4,75,-0.8577474486976044
4,0.075,0.0015,30,45,10,,,,,-0.5939143936613767,-45.09151758679336,-0.6757078952604264,2.2660623833644364,109,109,2.963302752293578,2.963302752293578,4,4,71,-0.7628413674764832
4,0.075,0.002,30,45,10,,,,,-0.48656294541707945,-45.522118251900864,-0.6149019001123767,2.1860837110103972,99,99,2.9696969696969697,2.9696969696969697,4,4,62,-0.6402884204451736
4,0.075,0.003,30,45,10,,,,,-0.4780356246527284,-46.82553688998162,-0.6249844904527602,1.6795521194348173,77,77,2.9740259740259742,2.9740259740259742,4,4,49,-0.6342817472659185
4,0.1,0.0005,30,45,10,,,,,-0.4402070574601291,-43.50078428766696,-0.6056451753655026,3.0658491069048255,136,136,3.161764705882353,3.161764705882353,4,4,75,-0.5916183513015048
4,0.1,0.001,30,45,10,,,,,-0.6470346700355734,-38.38744698462167,-0.7563093117328683,2.852572647294055,123,123,3.130081300813008,3.130081300813008,4,4,71,-0.8361119979687904
4,0.1,0.0015,30,45,10,,,,,-0.6243700630048754,-44.868371358950675,-0.6918321087198634,2.372700613169821,109,109,3.073394495412844,3.073394495412844,4,4,68,-0.7973280901848413
4,0.1,0.002,30,45,10,,,,,-0.5191661280310234,-45.29221641448058,-0.6254683780885071,2.2927219408157824,99,99,3.101010101010101,3.101010101010101,4,4,59,-0.6755332225531501
4,0.1,0.003,30,45,10,,,,,-0.5148453943403797,-46.61401038675869,-0.6397546998228942,1.7595307917888565,77,77,3.103896103896104,3.103896103896104,4,4,47,-0.6747840692961032
4,0.125,0.0005,30,45,10,,,,,-0.5299911114556299,-43.2716237437222,-0.6495631500389063,3.0658491069048255,135,135,3.2222222222222223,3.2222222222222223,4,4,73,-0.6923818989653565
4,0.125,0.001,30,45,10,,,,,-0.7368187240310853,-38.24418734959416,-0.8042044329548921,2.852572647294055,122,122,3.19672131147541,3.19672131147541,4,4,69,-0.9378698322698082
4,0.125,0.0015,30,45,10,,,,,-0.6906170118930799,-44.70481236140265,-0.7580340852672867,2.372700613169821,108,108,3.138888888888889,3.138888888888889,4,4,66,-0.8801255332099016
4,0.125,0.002,30,45,10,,,,,-0.5575205669970273,-45.01929913733398,-0.6415127779225065,2.346041055718475,99,99,3.1717171717171717,3.1717171717171717,4,4,57,-0.717898761477654
4,0.125,0.003,30,45,10,,,,,-0.537557602044425,-46.36047848107892,-0.6401674872651939,1.8128499066915489,77,77,3.1818181818181817,3.1818181818181817,4,4,45,-0.6975994738607235
4,0.15,0.0005,30,45,10,,,,,-0.5340344305208355,-43.26132898321394,-0.6536037242603727,3.0925086643561714,135,135,3.259259259259259,3.259259259259259,4,4,70,-0.6974353615859288
4,0.15,0.001,30,45,10,,,,,-0.7537223711964747,-38.2222184270108,-0.8210966049264351,2.879232204745401,122,122,3.237704918032787,3.237704918032787,4,4,66,-0.9589965224280834
4,0.15,0.0015,30,45,10,,,,,-0.7075206590584804,-44.668155579720256,-0.7749262572388412,2.3993601706211676,108,108,3.185185185185185,3.185185185185185,4,4,63,-0.9012522233681907
4,0.15,0.002,30,45,10,,,,,-0.5744242141624278,-44.98136107735013,-0.6584049498940494,2.372700613169821,99,99,3.2222222222222223,3.2222222222222223,4,4,54,-0.7390254516359402
4,0.15,0.003,30,45,10,,,,,-0.5587822531574305,-46.32877950620076,-0.6613777298317076,1.8128499066915489,77,77,3.220779220779221,3.220779220779221,4,4,45,-0.7241266856153574
4,0.2,0.0005,30,45,10,,,,,-0.48648767368972834,-42.51420270241085,-0.5913812999987761,3.199146894161557,134,134,3.3582089552238807,3.3582089552238807,4,4,65,-0.6343329986894224
4,0.2,0.001,30,45,10,,,,,-0.7070379720496844,-37.70373294123222,-0.7750007473960357,2.9858704345507867,121,121,3.355371900826446,3.355371900826446,4,4,61,-0.9007881588986933
4,0.2,0.0015,30,45,10,,,,,-0.6706010186465328,-43.882038394629255,-0.73858873389223,2.479338842975207,107,107,3.289719626168224,3.289719626168224,4,4,59,-0.8552482021195903
4,0.2,0.002,30,45,10,,,,,-0.5146863979346383,-44.20575875773601,-0.5841970091376212,2.4526792855238604,97,97,3.329896907216495,3.329896907216495,4,4,49,-0.6607356502190436
4,0.2,0.003,30,45,10,,,,,-0.5403588550591865,-46.28380638510688,-0.6674538149793935,1.8128499066915489,75,75,3.3066666666666666,3.3066666666666666,4,4,41,-0.7072223088040348
4,0.3,0.0005,30,45,10,,,,,-0.44124574733812594,-40.97784832123268,-0.5461774470106011,3.332444681418288,134,134,3.462686567164179,3.462686567164179,4,4,55,-0.5777901090907762
4,0.3,0.001,30,45,10,,,,,-0.6586267276343816,-36.635773203292935,-0.7266226388894718,3.0925086643561714,121,121,3.4628099173553717,3.4628099173553717,4,4,51,-0.8402823873567495
4,0.3,0.0015,30,45,10,,,,,-0.621264339555927,-42.22548924681073,-0.6892858241400431,2.5859770727805915,107,107,3.4018691588785046,3.4018691588785046,4,4,51,-0.7935857955909378
4,0.3,0.002,30,45,10,,,,,-0.45944930472202605,-42.50743888931153,-0.5275815463893795,2.5593175153292456,97,97,3.4329896907216493,3.4329896907216493,4,4,43,-0.591344691319371
4,0.3,0.003,30,45,10,,,,,-0.4753029160631361,-44.36001660858258,-0.6024477078593825,1.8928285790455877,75,75,3.4133333333333336,3.4133333333333336,4,4,35,-0.6259148430279817
4,0.4,0.0005,30,45,10,,,,,-0.8398274643932391,-29.877141087929477,-0.9305234155841993,3.46574246867502,134,134,3.574626865671642,3.574626865671642,4,4,49,-1.0724583182892888
4,0.4,0.001,30,45,10,,,,,-1.0572084446894836,-28.112652424937753,-1.1249315398341482,3.225806451612903,121,121,3.5867768595041323,3.5867768595041323,4,4,44,-1.3384413296480207
4,0.4,0.0015,30,45,10,,,,,-0.4388523554013313,-36.4784603009921,-0.5069986950048424,2.7725939749400164,107,107,3.532710280373832,3.532710280373832,4,4,44,-0.5656020291525419
4,0.4,0.002,30,45,10,,,,,-0.2946732336574831,-36.674795355850435,-0.3629182591402361,2.692615302585977,97,97,3.556701030927835,3.556701030927835,4,4,38,-0.3854027984425421
4,0.4,0.003,30,45,10,,,,,-0.30068481979648176,-37.857327737659205,-0.42151300229065247,2.0261263663023192,75,75,3.56,3.56,4,4,30,-0.4060630703691449
5,0.05,0.0005,30,45,10,,,,,-0.6603248617187862,-44.121462938390096,-0.7134242005655674,3.25246600906425,132,132,3.371212121212121,3.371212121212121,5,5,87,-0.8386809118601781
5,0.05,0.001,30,45,10,,,,,-0.7466557379310235,-38.06465857961676,-0.7997089309408854,2.9592108770994403,121,121,3.2892561983471076,3.2892561983471076,5,5,82,-0.9465829706662447
5,0.05,0.0015,30,45,10,,,,,-0.704861706416926,-44.50387107924012,-0.757937239296914,2.372700613169821,107,107,3.1682242990654204,3.1682242990654204,5,5,78,-0.8943460162411545
5,0.05,0.002,30,45,10,,,,,-0.6074339975547294,-44.91485346266518,-0.6605616077836577,2.2660623833644364,98,98,3.193877551020408,3.193877551020408,5,5,70,-0.7725743995006438
5,0.05,0.003,30,45,10,,,,,-0.6165985945718377,-46.324404723385896,-0.6697213061130896,1.6795521194348173,77,77,3.168831168831169,3.168831168831169,5,5,56,-0.7840289211001101
5,0.075,0.0005,30,45,10,,,,,-0.6760347374984765,-44.09799137735553,-0.7291256790556961,3.3857637963209815,133,133,3.43609022556391,3.43609022556391,5,5,85,-0.8583161572624005
5,0.075,0.001,30,45,10,,,,,-0.7623656137107249,-38.05431365331051,-0.8154104094310258,3.0925086643561714,122,122,3.360655737704918,3.360655737704918,5,5,80,-0.9662182160684814
5,0.075,0.0015,30,45,10,,,,,-0.7205715821966274,-44.48043013118445,-0.7736387177870544,2.5059984004265528,108,108,3.25,3.25,5,5,76,-0.913981261643391
5,0.075,0.002,30,45,10,,,,,-0.6108026218580309,-44.908264156365846,-0.6639284314798718,2.372700613169821,98,98,3.2755102040816326,3.2755102040816326,5,5,68,-0.7767847297279988
5,0.075,0.003,30,45,10,,,,,-0.6173231144424807,-46.31551526339247,-0.6704454387112114,1.7861903492402027,76,76,3.276315789473684,3.276315789473684,5,5,53,-0.7849344741202835
5,0.1,0.0005,30,45,10,,,,,-0.4323928471213323,-59.39726246895018,-0.4856140208670147,3.5723806984804054,132,132,3.5681818181818183,3.5681818181818183,5,5,79,-0.553796352338086
5,0.1,0.001,30,45,10,,,,,-0.5187237233335806,-46.548275745455705,-0.5718987512423443,3.279125566515596,121,121,3.5041322314049586,3.5041322314049586,5,5,75,-0.6616984111441667
5,0.1,0.0015,30,45,10,,,,,-0.7531074351566303,-44.2622748090338,-0.8061571795860814,2.6659557451346307,108,108,3.4074074074074074,3.4074074074074074,5,5,72,-0.9546467300531506
5,0.1,0.002,30,45,10,,,,,-0.6454859880884789,-44.68344014823459,-0.6985932586541612,2.532657957877899,98,98,3.4591836734693877,3.4591836734693877,5,5,64,-0.8201343027520192
5,0.1,0.003,30,45,10,,,,,-0.653698528541724,-46.111906951008635,-0.7068014093158462,1.8928285790455877,76,76,3.4342105263157894,3.4342105263157894,5,5,51,-0.8303988808706856
5,0.125,0.0005,30,45,10,,,,,-0.48586490535132976,-58.51252455000673,-0.5390574970532844,3.6790189282857906,132,132,3.643939393939394,3.643939393939394,5,5,77,-0.6206292796146509
5,0.125,0.001,30,45,10,,,,,-0.5721957815635781,-46.13334558374746,-0.6253422274286139,3.3857637963209815,121,121,3.5867768595041323,3.5867768595041323,5,5,73,-0.7285313384207316
5,0.125,0.0015,30,45,10,,,,,-0.7830423882793314,-43.99361020754002,-0.836076131788537,2.7725939749400164,108,108,3.490740740740741,3.490740740740741,5,5,70,-0.9920614212264656
5,0.125,0.002,30,45,10,,,,,-0.67542094121118,-44.40569550015818,-0.7285122108566169,2.6392961876832843,98,98,3.5510204081632653,3.5510204081632653,5,5,62,-0.8575489939253342
5,0.125,0.003,30,45,10,,,,,-0.6679912504024776,-45.84907607759158,-0.7289327428238527,1.999466808850973,76,76,3.539473684210526,3.539473684210526,5,5,49,-0.8502244361084408
5,0.15,0.0005,30,45,10,,,,,-0.48506263637912994,-58.39136109767799,-0.538255656912282,3.732338043188483,132,132,3.7045454545454546,3.7045454545454546,5,5,76,-0.6196265506072005
5,0.15,0.001,30,45,10,,,,,-0.5842538406915843,-46.045774157314845,-0.6373938412469584,3.439082911223674,121,121,3.652892561983471,3.652892561983471,5,5,72,-0.7436023010033239
5,0.15,0.0015,30,45,10,,,,,-0.7951004474073264,-43.91976695366123,-0.8481277456068815,2.8259130898427087,108,108,3.564814814814815,3.564814814814815,5,5,69,-1.007132383809047
5,0.15,0.002,30,45,10,,,,,-0.6874790003391751,-44.329311002758,-0.7405638246749615,2.692615302585977,98,98,3.63265306122449,3.63265306122449,5,5,61,-0.8726199565079155
5,0.15,0.003,30,45,10,,,,,-0.6892159015154831,-45.81902547062404,-0.7501460488731643,1.999466808850973,76,76,3.5789473684210527,3.5789473684210527,5,5,49,-0.8767524137337741
5,0.2,0.0005,30,45,10,,,,,-0.392307069949982,-54.86045887881073,-0.45842396268704977,3.8922953878965614,131,131,3.83206106870229,3.83206106870229,5,5,70,-0.5069130606217445
5,0.2,0.001,30,45,10,,,,,-0.4923606319467311,-44.251277842573785,-0.5560515515004996,3.5990402559317514,120,120,3.8,3.8,5,5,66,-0.631373519821856
5,0.2,0.0015,30,45,10,,,,,-0.7018071924946301,-42.406943087806624,-0.765364053556773,2.9592108770994403,107,107,3.691588785046729,3.691588785046729,5,5,64,-0.8931482058838234
5,0.2,0.002,30,45,10,,,,,-0.5781445944369801,-42.79535511142603,-0.641780607056076,2.8259130898427087,96,96,3.78125,3.78125,5,5,55,-0.738589746200999
5,0.2,0.003,30,45,10,,,,,-0.6847419059172299,-45.6952845155624,-0.7561551127148539,2.0261263663023192,74,74,3.7027027027027026,3.7027027027027026,5,5,46,-0.8737806840959434
5,0.3,0.0005,30,45,10,,,,,-0.32361443430792836,-51.4012445894488,-0.4011571935986848,4.158890962410024,131,131,4.00763358778626,4.00763358778626,5,5,62,-0.42390373270759957
5,0.3,0.001,30,45,10,,,,,-0.42714202474922747,-42.37887658895158,-0.49087468816397756,3.838976272993868,120,120,3.9916666666666667,3.9916666666666667,5,5,58,-0.5498606967902219
5,0.3,0.0015,30,45,10,,,,,-0.6620395676335766,-40.86631266462194,-0.7256218823856316,3.1458277792588643,107,107,3.878504672897196,3.878504672897196,5,5,58,-0.8434450382299845
5,0.3,0.002,30,45,10,,,,,-0.5338156422006746,-41.21103677314536,-0.5974800280356298,2.9858704345507867,96,96,3.9479166666666665,3.9479166666666665,5,5,49,-0.683185649209582
5,0.3,0.003,30,45,10,,,,,-0.6305941078974753,-43.799155273764846,-0.7082331417581734,2.159424153559051,74,74,3.891891891891892,3.891891891891892,5,5,41,-0.8076523933370187
5,0.4,0.0005,30,45,10,,,,,-0.3848439136043269,-50.263993115473966,-0.4486036503735631,4.318848307118102,131,131,4.152671755725191,4.152671755725191,5,5,58,-0.4969948261977177
5,0.4,0.001,30,45,10,,,,,-0.4674516157189834,-41.66039985788788,-0.5311584785526752,4.0255931751532925,120,120,4.158333333333333,4.158333333333333,5,5,53,-0.6002412353571522
5,0.4,0.0015,30,45,10,,,,,-0.42340252637268483,-35.119479854841245,-0.4935327345860708,3.4124233537723274,107,107,4.065420560747664,4.065420560747664,5,5,53,-0.5467857100192025
5,0.4,0.002,30,45,10,,,,,-0.33826577248292633,-35.432170101013945,-0.4605826018679019,3.1724873367102107,96,96,4.125,4.125,5,5,45,-0.4534114229499018
5,0.4,0.003,30,45,10,,,,,-0.4252022129776267,-37.05920403868184,-0.4967815409073533,2.346041055718475,74,74,4.108108108108108,4.108108108108108,5,5,37,-0.5493975982044651
6,0.05,0.0005,30,45,10,,,,,-0.6067156008808694,-43.658545420713345,-0.6713254270094948,3.7589976006398294,131,131,3.7251908396946565,3.7251908396946565,6,6,91,-0.7745469576332431
6,0.05,0.001,30,45,10,,,,,-0.7417895368055261,-37.75056028342734,-0.8063115591799305,3.3591042388696346,121,121,3.6115702479338845,3.6115702479338845,6,6,87,-0.9433674266005087
6,0.05,0.0015,30,45,10,,,,,-0.6704121818757125,-44.31051547744735,-0.7349806025407076,2.6126366302319384,107,107,3.439252336448598,3.439252336448598,6,6,82,-0.8541573325108894
6,0.05,0.002,30,45,10,,,,,-0.5728328531308113,-44.71602879010503,-0.6565233189050621,2.5059984004265528,98,98,3.479591836734694,3.479591836734694,6,6,74,-0.7369636828570769
6,0.05,0.003,30,45,10,,,,,-0.5869882001579674,-46.44121651568269,-0.6780542980361118,1.8661690215942415,76,76,3.460526315789474,3.460526315789474,6,6,59,-0.7565017746669953
6,0.075,0.0005,30,45,10,,,,,-0.6142038877281597,-43.64472738636962,-0.6788088461545692,3.918954945347907,132,132,3.8106060606060606,3.8106060606060606,6,6,89,-0.783906099266802
6,0.075,0.001,30,45,10,,,,,-0.7492778236528164,-37.74462439078181,-0.8137949783250048,3.519061583577713,122,122,3.7049180327868854,3.7049180327868854,6,6,85,-0.9527265682340675
6,0.075,0.0015,30,45,10,,,,,-0.6779004687230139,-44.29636262458739,-0.742464021685782,2.7725939749400164,108,108,3.5462962962962963,3.5462962962962963,6,6,80,-0.8635164741444594
6,0.075,0.002,30,45,10,,,,,-0.566710476548915,-44.71872582855161,-0.6455753662919922,2.6392961876832843,98,98,3.5816326530612246,3.5816326530612246,6,6,71,-0.7281043181219131
6,0.075,0.003,30,45,10,,,,,-0.5782217191434125,-46.44294062298356,-0.6681564197597394,1.999466808850973,75,75,3.6,3.6,6,6,55,-0.7452608240833474
6,0.1,0.0005,30,45,10,,,,,-0.425292919862974,-58.46466119302547,-0.49227451532758454,4.158890962410024,131,131,3.9923664122137406,3.9923664122137406,6,6,82,-0.5483615486948702
6,0.1,0.001,30,45,10,,,,,-0.5299570614190174,-46.24450050180298,-0.5946167838350951,3.7589976006398294,121,121,3.8925619834710745,3.8925619834710745,6,6,78,-0.6786112573777912
6,0.1,0.0015,30,45,10,,,,,-0.7021946817970637,-44.04926756416493,-0.7667424424968824,2.9858704345507867,108,108,3.75,3.75,6,6,74,-0.8938802924212843
6,0.1,0.002,30,45,10,,,,,-0.59315220289341,-44.464246319622994,-0.6577708458026806,2.852572647294055,98,98,3.816326530612245,3.816326530612245,6,6,66,-0.7575949143440801
6,0.1,0.003,30,45,10,,,,,-0.611905989256567,-46.23340195671167,-0.6812983089170854,2.132764596107705,75,75,3.7866666666666666,3.7866666666666666,6,6,52,-0.7822305664858384
6,0.125,0.0005,30,45,10,,,,,-0.4869024423682755,-57.594219931245085,-0.553946846643162,4.292188749666756,131,131,4.083969465648855,4.083969465648855,6,6,80,-0.625389154029066
6,0.125,0.001,30,45,10,,,,,-0.5915665839243189,-45.82540041475659,-0.6562905120208955,3.8922953878965614,121,121,3.9917355371900825,3.9917355371900825,6,6,76,-0.7556392119295428
6,0.125,0.0015,30,45,10,,,,,-0.7402670991950688,-43.77328719573281,-0.804894365686232,3.1191682218075183,108,108,3.8518518518518516,3.8518518518518516,6,6,72,-0.9414906906166268
6,0.125,0.002,30,45,10,,,,,-0.6312246202914151,-44.17888937792541,-0.6959227689920418,2.9858704345507867,98,98,3.9285714285714284,3.9285714285714284,6,6,64,-0.8052053125394256
6,0.125,0.003,30,45,10,,,,,-0.6343361753926136,-45.95518699893654,-0.7074856065262921,2.2660623833644364,75,75,3.92,3.92,6,6,50,-0.8112075770241866
6,0.15,0.0005,30,45,10,,,,,-0.49292562007535734,-57.4645094763823,-0.5599659726983495,4.345507864569448,131,131,4.152671755725191,4.152671755725191,6,6,79,-0.6329171132499447
6,0.15,0.001,30,45,10,,,,,-0.6104500897316179,-45.733463418509665,-0.6751617427531357,3.9456145027992537,121,121,4.066115702479339,4.066115702479339,6,6,75,-0.7792405254199017
6,0.15,0.0015,30,45,10,,,,,-0.7591506050023566,-43.69523053476087,-0.8237655964184721,3.1724873367102107,108,108,3.935185185185185,3.935185185185185,6,6,71,-0.9650920041069747
6,0.15,0.002,30,45,10,,,,,-0.650108126098714,-44.098046742825844,-0.7147939997242703,3.039189549453479,98,98,4.020408163265306,4.020408163265306,6,6,63,-0.8288066260297816
6,0.15,0.003,30,45,10,,,,,-0.655560826505619,-45.92482149039982,-0.7286964607210573,2.2660623833644364,75,75,3.96,3.96,6,6,50,-0.8377349416858832
6,0.2,0.0005,30,45,10,,,,,-0.30338932195558277,-52.61681720311463,-0.38392286964884287,4.585443881631565,129,129,4.341085271317829,4.341085271317829,6,6,73,-0.3993700393677935
6,0.2,0.001,30,45,10,,,,,-0.42177614929612695,-43.16144526124016,-0.4977183958983927,4.18555051986137,119,119,4.277310924369748,4.277310924369748,6,6,69,-0.5462057482707251
6,0.2,0.0015,30,45,10,,,,,-0.5791237366387314,-41.50588882375437,-0.6549459838192453,3.3591042388696346,106,106,4.122641509433962,4.122641509433962,6,6,66,-0.7428602325935427
6,0.2,0.002,30,45,10,,,,,-0.45404010674557904,-41.86844788056223,-0.5299577475924999,3.225806451612903,95,95,4.242105263157895,4.242105263157895,6,6,57,-0.586529543643704
6,0.2,0.003,30,45,10,,,,,-0.6516802377979247,-45.8001882172038,-0.7360037459155343,2.319381498267129,73,73,4.109589041095891,4.109589041095891,6,6,47,-0.8356811742768083
6,0.3,0.0005,30,45,10,,,,,-0.1796287968612864,-47.4942806433187,-0.30494356527898764,4.932018128499067,129,129,4.589147286821706,4.589147286821706,6,6,64,-0.2558646881810333
6,0.3,0.001,30,45,10,,,,,-0.31360887254788805,-40.18812666920985,-0.46713463326408233,4.505465209277526,119,119,4.546218487394958,4.546218487394958,6,6,61,-0.4303925308639086
6,0.3,0.0015,30,45,10,,,,,-0.47359183506437974,-38.965584842111056,-0.6191454513139916,3.6256998133830978,106,106,4.377358490566038,4.377358490566038,6,6,59,-0.6283781978928776
6,0.3,0.002,30,45,10,,,,,-0.34621342739378225,-39.260464705423125,-0.5380734312332622,3.439082911223674,95,95,4.484210526315789,4.484210526315789,6,6,50,-0.4807317852020978
6,0.3,0.003,30,45,10,,,,,-0.5217892486359843,-42.492705300363156,-0.6276228196715982,2.479338842975207,73,73,4.36986301369863,4.36986301369863,6,6,42,-0.6786949535538839
6,0.4,0.0005,30,45,10,,,,,-0.2148032919571219,-46.74438774279641,-0.2909033841521708,5.118635030658491,129,129,4.751937984496124,4.751937984496124,6,6,60,-0.2875291379951646
6,0.4,0.001,30,45,10,,,,,-0.48302631214147684,-36.85051094857539,-0.5779490048144162,4.718741668888296,119,119,4.739495798319328,4.739495798319328,6,6,57,-0.6275135633450809
6,0.4,0.0015,30,45,10,,,,,-0.37623645390812976,-32.11740810657872,-0.5703558964910481,3.918954945347907,106,106,4.59433962264151,4.59433962264151,6,6,55,-0.5188254280308918
6,0.4,0.002,30,45,10,,,,,-0.29104741086117825,-32.36442079835038,-0.536326051053928,3.6256998133830978,95,95,4.684210526315789,4.684210526315789,6,6,47,-0.42512892362466026
6,0.4,0.003,30,45,10,,,,,-0.48589383454037405,-34.067027481379995,-0.5943109469414307,2.692615302585977,73,73,4.6438356164383565,4.6438356164383565,6,6,39,-0.6344715712757317
7,0.05,0.0005,30,45,10,,,,,-0.671581343930916,-43.094742146707944,-0.7335670436553043,4.132231404958678,129,129,4.023255813953488,4.023255813953488,7,7,91,-0.854973104844742
7,0.05,0.001,30,45,10,,,,,-0.8111811892933196,-37.30650210826839,-0.8730797720152143,3.6790189282857906,120,120,3.8666666666666667,3.8666666666666667,7,7,88,-1.0294511322971232
7,0.05,0.0015,30,45,10,,,,,-0.6845883437074152,-44.20192993466915,-0.7465659264397764,2.879232204745401,107,107,3.6728971962616823,3.6728971962616823,7,7,82,-0.8712298253173593
7,0.05,0.002,30,45,10,,,,,-0.5869611618905091,-44.6039064263747,-0.667116749990799,2.7725939749400164,98,98,3.7244897959183674,3.7244897959183674,7,7,74,-0.7537403493882088
7,0.05,0.003,30,45,10,,,,,-0.598315531451965,-46.31525924484472,-0.6851458416795153,2.0261263663023192,76,76,3.6842105263157894,3.6842105263157894,7,7,59,-0.7696019918718439
7,0.075,0.0005,30,45,10,,,,,-0.6952595706293363,-43.09058011638159,-0.7579952436909488,4.318848307118102,130,130,4.130769230769231,4.130769230769231,7,7,89,-0.8847583815520735
7,0.075,0.001,30,45,10,,,,,-0.83485941599174,-37.30872739540101,-0.8975068969869939,3.8656358304452145,121,121,3.9834710743801653,3.9834710743801653,7,7,86,-1.0592361402384884
7,0.075,0.0015,30,45,10,,,,,-0.7082665704058355,-44.19719631445021,-0.7709940263080073,3.0658491069048255,108,108,3.8055555555555554,3.8055555555555554,7,7,80,-0.9010150769828373
7,0.075,0.002,30,45,10,,,,,-0.5970287251597428,-44.61578525991017,-0.6724105403908062,2.932551319648094,98,98,3.857142857142857,3.857142857142857,7,7,71,-0.7651313602574443
7,0.075,0.003,30,45,10,,,,,-0.6057389902885402,-46.326645130339614,-0.6921927992547501,2.1860837110103972,75,75,3.8666666666666667,3.8666666666666667,7,7,55,-0.7787871901022276
7,0.1,0.0005,30,45,10,,,,,-0.5194219590012428,-57.08086028246062,-0.5822687173027703,4.585443881631565,129,129,4.364341085271318,4.364341085271318,7,7,84,-0.6649891383269353
7,0.1,0.001,30,45,10,,,,,-0.6286120099950443,-45.416669225773255,-0.6913897875881876,4.132231404958678,120,120,4.225,4.225,7,7,81,-0.8014594568920912
7,0.1,0.0015,30,45,10,,,,,-0.7490027949426881,-43.939663121109994,-0.8117045157746796,3.3057851239669422,108,108,4.064814814814815,4.064814814814815,7,7,76,-0.951928923886358
7,0.1,0.002,30,45,10,,,,,-0.6393107595898395,-44.35006366466684,-0.7020817782583476,3.1724873367102107,98,98,4.142857142857143,4.142857142857143,7,7,67,-0.8148312041544264
7,0.1,0.003,30,45,10,,,,,-0.6441826164322428,-46.118283387732816,-0.7069505573099313,2.346041055718475,75,75,4.093333333333334,4.093333333333334,7,7,52,-0.8209202557597257
7,0.125,0.0005,30,45,10,,,,,-0.5803839062302973,-56.27077374087211,-0.6454369370110195,4.745401226339642,129,129,4.4728682170542635,4.4728682170542635,7,7,80,-0.7417431404830522
7,0.125,0.001,30,45,10,,,,,-0.6895739572240989,-45.01978828771454,-0.7545580072964369,4.292188749666756,120,120,4.341666666666667,4.341666666666667,7,7,77,-0.878213459048208
7,0.125,0.0015,30,45,10,,,,,-0.7864276370644463,-43.6639210959808,-0.8513504999188636,3.46574246867502,108,108,4.185185185185185,4.185185185185185,7,7,72,-0.9992652620441622
7,0.125,0.002,30,45,10,,,,,-0.6767356017115866,-44.06505438747095,-0.7417277624025318,3.332444681418288,98,98,4.275510204081633,4.275510204081633,7,7,64,-0.8621675423122196
7,0.125,0.003,30,45,10,,,,,-0.6659652272920313,-45.839859259718516,-0.7394176519697077,2.5059984004265528,75,75,4.253333333333333,4.253333333333333,7,7,50,-0.8508196402844582
7,0.15,0.0005,30,45,10,,,,,-0.5889352057401931,-56.149760535981734,-0.6539828342457883,4.798720341242335,129,129,4.550387596899225,4.550387596899225,7,7,79,-0.7524309143016401
7,0.15,0.001,30,45,10,,,,,-0.7109855848341895,-44.933263140343655,-0.7759561081316545,4.345507864569448,120,120,4.425,4.425,7,7,76,-0.9049746118671032
7,0.15,0.0015,30,45,10,,,,,-0.807839264674548,-43.58669999397294,-0.8727486007540813,3.519061583577713,108,108,4.277777777777778,4.277777777777778,7,7,71,-1.0260264148630684
7,0.15,0.002,30,45,10,,,,,-0.6981472293216884,-43.985043022041744,-0.7631258632377377,3.3857637963209815,98,98,4.377551020408164,4.377551020408164,7,7,63,-0.8889286951311228
7,0.15,0.003,30,45,10,,,,,-0.6871898784050368,-45.809892975014066,-0.7606288944300371,2.5059984004265528,75,75,4.293333333333333,4.293333333333333,7,7,50,-0.8773471020125461
7,0.2,0.0005,30,45,10,,,,,-0.4023237908930888,-51.4932678243235,-0.4791083531578548,5.118635030658491,127,127,4.7795275590551185,4.7795275590551185,7,7,74,-0.5221008791825525
7,0.2,0.001,30,45,10,,,,,-0.5252365276713911,-42.427793176914,-0.6019263306902606,4.665422553985604,118,118,4.677966101694915,4.677966101694915,7,7,71,-0.6757181103439562
7,0.2,0.0015,30,45,10,,,,,-0.6343360005785836,-41.361151471150265,-0.7109416936504254,3.7589976006398294,106,106,4.5,4.5,7,7,67,-0.8120714239911899
7,0.2,0.002,30,45,10,,,,,-0.5086028142362253,-41.7181998295109,-0.5853054409720138,3.6256998133830978,95,95,4.6421052631578945,4.6421052631578945,7,7,58,-0.6549291744792287
7,0.2,0.003,30,45,10,,,,,-0.6804539909013307,-45.68287396230629,-0.7677208842560831,2.5859770727805915,73,73,4.465753424657534,4.465753424657534,7,7,47,-0.8723842119653515
7,0.3,0.0005,30,45,10,,,,,-0.4866875826216255,-37.91650756032175,-0.598519368130463,5.598507064782725,127,127,5.102362204724409,5.102362204724409,7,7,67,-0.6363174246542412
7,0.3,0.001,30,45,10,,,,,-0.4531512688468742,-39.177905696688796,-0.5848956319183115,5.065315915755798,118,118,5.016949152542373,5.016949152542373,7,7,65,-0.599375176826452
7,0.3,0.0015,30,45,10,,,,,-0.5120884382912361,-38.76261878753946,-0.6541706783112785,4.105571847507331,106,106,4.820754716981132,4.820754716981132,7,7,61,-0.6756311078690557
7,0.3,0.002,30,45,10,,,,,-0.38498083649858295,-39.051761081912844,-0.5739470508717706,3.918954945347907,95,95,4.957894736842105,4.957894736842105,7,7,53,-0.5284675992165255
7,0.3,0.003,30,45,10,,,,,-0.5336397567365814,-42.28933297242586,-0.6354524746954496,2.7992535323913623,73,73,4.794520547945205,4.794520547945205,7,7,44,-0.6925028754104438
7,0.4,0.0005,30,45,10,,,,,-0.6429583488224755,-35.07950804718578,-0.7195573945179874,5.865102639296188,127,127,5.31496062992126,5.31496062992126,7,7,62,-0.8228476974519723
7,0.4,0.001,30,45,10,,,,,-0.6094220350477242,-36.066208777746645,-0.6860469354747039,5.3319114902692615,118,118,5.245762711864407,5.245762711864407,7,7,60,-0.7809337689164002
7,0.4,0.0015,30,45,10,,,,,-0.604417718187733,-29.59592729797016,-0.7439731882326318,4.452146094374833,106,106,5.0754716981132075,5.0754716981132075,7,7,56,-0.790411015245891
7,0.4,0.002,30,45,10,,,,,-0.5297874040580797,-29.79320413908385,-0.7255320267307985,4.132231404958678,95,95,5.189473684210526,5.189473684210526,7,7,49,-0.7111704107407792
7,0.4,0.003,30,45,10,,,,,-0.6977169267330829,-31.12727619952788,-0.7849705112735916,3.039189549453479,73,73,5.109589041095891,5.109589041095891,7,7,40,-0.8939595545514809
8,0.05,0.0005,30,45,10,,,,,-0.7500011437175047,-42.65916668983145,-0.8154756519286612,4.425486536923487,125,125,4.344,4.344,8,8,91,-0.9538700566996701
8,0.05,0.001,30,45,10,,,,,-0.9251377470426148,-37.18277869816544,-0.9904967189000672,3.8922953878965614,116,116,4.155172413793103,4.155172413793103,8,8,88,-1.1727619267676315
8,0.05,0.0015,30,45,10,,,,,-0.7541919535692609,-44.132358446180554,-0.8196636971333934,3.0125299920021327,105,105,3.8857142857142857,3.8857142857142857,8,8,83,-0.9591078778526093
8,0.05,0.002,30,45,10,,,,,-0.6427065129285703,-44.557325924526964,-0.7232462294283413,2.9058917621967475,96,96,3.9479166666666665,3.9479166666666665,8,8,75,-0.8235180702856556
8,0.05,0.003,30,45,10,,,,,-0.6231750343725695,-46.25505203831295,-0.7121808590902491,2.132764596107705,76,76,3.9078947368421053,3.9078947368421053,8,8,61,-0.8012202491451318
8,0.075,0.0005,30,45,10,,,,,-0.7527837472779964,-42.65619175034091,-0.8183026644335403,4.665422553985604,124,124,4.5,4.5,8,8,87,-0.9573594133863814
8,0.075,0.001,30,45,10,,,,,-0.9279203506030953,-37.18339318189658,-0.9933236497993974,4.132231404958678,115,115,4.321739130434783,4.321739130434783,8,8,84,-1.1762512630529447
8,0.075,0.0015,30,45,10,,,,,-0.7588869984985869,-44.1293094092742,-0.8244018865395095,3.25246600906425,104,104,4.076923076923077,4.076923076923077,8,8,79,-0.9649874701334642
8,0.075,0.002,30,45,10,,,,,-0.644817750947646,-44.55378816043884,-0.7242652782694955,3.1191682218075183,95,95,4.126315789473685,4.126315789473685,8,8,71,-0.8258840705150199
8,0.075,0.003,30,45,10,,,,,-0.6252862723916452,-46.25037704557195,-0.7131999130907456,2.346041055718475,75,75,4.133333333333334,4.133333333333334,8,8,57,-0.8035862506643316
8,0.1,0.0005,30,45,10,,,,,-0.5530276178577487,-56.13802663354851,-0.6186784057678499,4.958677685950414,122,122,4.762295081967213,4.762295081967213,8,8,81,-0.7076972192997112
8,0.1,0.001,30,45,10,,,,,-0.6977544268142455,-45.20619824391187,-0.7633096720566118,4.425486536923487,113,113,4.592920353982301,4.592920353982301,8,8,78,-0.8885818448283984
8,0.1,0.0015,30,45,10,,,,,-0.7931818271609381,-43.87116878941337,-0.858674075171003,3.519061583577713,104,104,4.336538461538462,4.336538461538462,8,8,75,-1.007850345953689
8,0.1,0.002,30,45,10,,,,,-0.6806583895032414,-44.287470359839496,-0.746224920844047,3.3857637963209815,95,95,4.410526315789474,4.410526315789474,8,8,67,-0.8672146197142532
8,0.1,0.003,30,45,10,,,,,-0.6620863882119465,-46.04008388524488,-0.7276651800217057,2.532657957877899,75,75,4.4,4.4,8,8,54,-0.8440026832173729
8,0.125,0.0005,30,45,10,,,,,-0.6118401800697892,-55.366053690150515,-0.6793279213584028,5.171954145561183,122,122,4.901639344262295,4.901639344262295,8,8,78,-0.7816721604093899
8,0.125,0.001,30,45,10,,,,,-0.756566989026286,-44.81426307257217,-0.8239591876471646,4.638762996534258,113,113,4.743362831858407,4.743362831858407,8,8,75,-0.9625567859380773
8,0.125,0.0015,30,45,10,,,,,-0.8284572842656823,-43.595454169246416,-0.8958020238798933,3.732338043188483,104,104,4.490384615384615,4.490384615384615,8,8,72,-1.0524077902356557
8,0.125,0.002,30,45,10,,,,,-0.7160771316379932,-44.00242742443425,-0.7834960599920711,3.5723806984804054,95,95,4.568421052631579,4.568421052631579,8,8,65,-0.9119511466360111
8,0.125,0.003,30,45,10,,,,,-0.6818628990847397,-45.761339052988944,-0.7577576337644392,2.719274860037323,75,75,4.586666666666667,4.586666666666667,8,8,52,-0.8713023075258495
8,0.15,0.0005,30,45,10,,,,,-0.6124788264422865,-55.222984070983486,-0.6799661461229196,5.251932817915223,122,122,4.991803278688525,4.991803278688525,8,8,77,-0.7824703629730163
8,0.15,0.001,30,45,10,,,,,-0.7700659634989893,-44.713544451999965,-0.8374492506538872,4.718741668888296,113,113,4.84070796460177,4.84070796460177,8,8,74,-0.9794282761624611
8,0.15,0.0015,30,45,10,,,,,-0.8419562587383855,-43.504167394670894,-0.9092920868866274,3.812316715542522,104,104,4.596153846153846,4.596153846153846,8,8,71,-1.0692792804600424
8,0.15,0.002,30,45,10,,,,,-0.7295761061106965,-43.90802383868149,-0.7969861229987938,3.6523593708344437,95,95,4.684210526315789,4.684210526315789,8,8,64,-0.9288226368603949
8,0.15,0.003,30,45,10,,,,,-0.7030875501977452,-45.73162192376013,-0.7789682732385205,2.719274860037323,75,75,4.626666666666667,4.626666666666667,8,8,52,-0.8978296185073753
8,0.2,0.0005,30,45,10,,,,,-0.5549933404817353,-46.605159458392265,-0.6343245024075521,5.6518261796854175,121,121,5.239669421487603,5.239669421487603,8,8,72,-0.7135744660836234
8,0.2,0.001,30,45,10,,,,,-0.7134428352227329,-39.77459153138585,-0.7926475958042609,5.118635030658491,112,112,5.116071428571429,5.116071428571429,8,8,69,-0.9116047341737981
8,0.2,0.0015,30,45,10,,,,,-0.8082127297769803,-39.006161148375284,-0.8873418887159183,4.105571847507331,103,103,4.825242718446602,4.825242718446602,8,8,67,-1.0300482019559598
8,0.2,0.002,30,45,10,,,,,-0.6797914261597815,-39.30116410876712,-0.7590230317833178,3.9456145027992537,93,93,4.956989247311828,4.956989247311828,8,8,59,-0.8695471841056109
8,0.2,0.003,30,45,10,,,,,-0.6962818303223761,-45.60522342312402,-0.7858278574082842,2.8259130898427087,73,73,4.821917808219178,4.821917808219178,8,8,48,-0.8927387946744472
8,0.3,0.0005,30,45,10,,,,,-0.40604506530003137,-42.336898434838886,-0.5256601371550365,6.185017328712343,120,120,5.633333333333334,5.633333333333334,8,8,64,-0.5374600995887905
8,0.3,0.001,30,45,10,,,,,-0.40801284595242127,-44.36919705044127,-0.5433490096132378,5.571847507331378,111,111,5.5225225225225225,5.5225225225225225,8,8,62,-0.5438500983557307
8,0.3,0.0015,30,45,10,,,,,-0.4575725581118295,-43.921599621253065,-0.6239376539833175,4.505465209277526,102,102,5.215686274509804,5.215686274509804,8,8,60,-0.6135569716076589
8,0.3,0.002,30,45,10,,,,,-0.3295335085689355,-44.37582648573079,-0.5426760865587583,4.26552919221541,92,92,5.336956521739131,5.336956521739131,8,8,53,-0.46520253020862506
8,0.3,0.003,30,45,10,,,,,-0.33848921073428295,-54.2684734401177,-0.47281459986079727,3.039189549453479,72,72,5.208333333333333,5.208333333333333,8,8,44,-0.4566928606994823
8,0.4,0.0005,30,45,10,,,,,-0.5002158231491305,-41.817073933517364,-0.5795906832378177,6.398293788323114,119,119,5.873949579831932,5.873949579831932,8,8,59,-0.645113493958585
8,0.4,0.001,30,45,10,,,,,-0.5021836038015315,-43.767590279125024,-0.5864732661286971,5.785123966942149,110,110,5.781818181818182,5.781818181818182,8,8,57,-0.6488019203337058
8,0.4,0.0015,30,45,10,,,,,-0.41681431464947183,-33.052200072649555,-0.532317196316846,4.825379898693682,101,101,5.5049504950495045,5.5049504950495045,8,8,55,-0.5498936137286834
8,0.4,0.002,30,45,10,,,,,-0.3239350605256819,-33.35770027909387,-0.48592270749247596,4.452146094374833,91,91,5.593406593406593,5.593406593406593,8,8,49,-0.44541573739880086
8,0.4,0.003,30,45,10,,,,,-0.2978503146677247,-36.84335912852782,-0.3989257531096098,3.332444681418288,72,72,5.555555555555555,5.555555555555555,8,8,40,-0.39758175294512715
9,0.05,0.0005,30,45,10,,,,,-0.8097318578352719,-42.02073796602515,-0.9000771601958742,4.825379898693682,125,125,4.616,4.616,9,9,94,-1.0347511478842404
9,0.05,0.001,30,45,10,,,,,-1.0097101751867177,-36.806532399712985,-1.099873331638408,4.18555051986137,116,116,4.396551724137931,4.396551724137931,9,9,91,-1.2846785080963197
9,0.05,0.0015,30,45,10,,,,,-0.8208992587780073,-43.49666501540727,-0.9275874144183124,3.225806451612903,105,105,4.095238095238095,4.095238095238095,9,9,85,-1.0527961123825853
9,0.05,0.002,30,45,10,,,,,-0.7090917818883158,-43.899876373887636,-0.8339585682743498,3.1191682218075183,96,96,4.166666666666667,4.166666666666667,9,9,77,-0.9175814239569032
9,0.05,0.003,30,45,10,,,,,-0.6586343892321711,-45.608833746701116,-0.7919982327753681,2.319381498267129,76,76,4.105263157894737,4.105263157894737,9,9,63,-0.8566339474260132
9,0.075,0.0005,30,45,10,,,,,-0.7967104455851914,-42.05427721101301,-0.8931254378288825,5.145294588109837,124,124,4.798387096774194,4.798387096774194,9,9,89,-1.0199918050424122
9,0.075,0.001,30,45,10,,,,,-0.9966887629366372,-36.82826819038845,-1.0929093976342894,4.505465209277526,115,115,4.591304347826087,4.591304347826087,9,9,86,-1.2699161123452096
9,0.075,0.0015,30,45,10,,,,,-0.8097902878967944,-43.534604181582054,-0.9214078636610215,3.545721141029059,104,104,4.3173076923076925,4.3173076923076925,9,9,81,-1.0401422538120497
9,0.075,0.002,30,45,10,,,,,-0.6953990040968416,-43.938906607325805,-0.8252034444305577,3.4124233537723274,95,95,4.378947368421053,4.378947368421053,9,9,73,-0.9016998652044811
9,0.075,0.003,30,45,10,,,,,-0.6449416114406858,-45.65297091203409,-0.7832456735672578,2.6126366302319384,75,75,4.373333333333333,4.373333333333333,9,9,59,-0.8407530298325003
9,0.1,0.0005,30,45,10,,,,,-0.5711887960079931,-54.90925530530572,-0.6678229711859617,5.491868834977339,122,122,5.098360655737705,5.098360655737705,9,9,84,-0.7381445388044835
9,0.1,0.001,30,45,10,,,,,-0.7407573189908367,-44.62532831812402,-0.8372266916919792,4.852039456145028,113,113,4.902654867256637,4.902654867256637,9,9,81,-0.9500639919138315
9,0.1,0.0015,30,45,10,,,,,-0.8467329784880406,-43.288918497595304,-0.9430993541773415,3.838976272993868,104,104,4.615384615384615,4.615384615384615,9,9,78,-1.082507817032376
9,0.1,0.002,30,45,10,,,,,-0.7338875045813431,-43.685665755167314,-0.8404881745219153,3.705678485737137,95,95,4.705263157894737,4.705263157894737,9,9,70,-0.9440095482118219
9,0.1,0.003,30,45,10,,,,,-0.68240240887949,-45.451990357741295,-0.7975036994304177,2.8259130898427087,75,75,4.68,4.68,9,9,57,-0.8817783337370944
9,0.125,0.0005,30,45,10,,,,,-0.6046215310778313,-53.95583474625083,-0.7284773803196195,5.731804852039456,121,121,5.2809917355371905,5.2809917355371905,9,9,80,-0.7867408761577362
9,0.125,0.001,30,45,10,,,,,-0.7741900540606972,-44.11622388948049,-0.8978811008256369,5.091975473207145,112,112,5.098214285714286,5.098214285714286,9,9,77,-0.9986603292671064
9,0.125,0.0015,30,45,10,,,,,-0.8566286084505936,-42.90115107779924,-0.9802395337536629,4.078912290055985,103,103,4.815533980582524,4.815533980582524,9,9,74,-1.1016884918890093
9,0.125,0.002,30,45,10,,,,,-0.7479772264994411,-43.29079263097012,-0.8716937493305285,3.8922953878965614,94,94,4.904255319148936,4.904255319148936,9,9,67,-0.9659006638320732
9,0.125,0.003,30,45,10,,,,,-0.6808498995356405,-45.04787148135849,-0.8130822455536529,3.0125299920021327,74,74,4.918918918918919,4.918918918918919,9,9,54,-0.8841204609240537
9,0.15,0.0005,30,45,10,,,,,-0.6137195217828406,-53.804926651496714,-0.737566528750255,5.811783524393495,121,121,5.380165289256198,5.380165289256198,9,9,79,-0.7981111539704043
9,0.15,0.001,30,45,10,,,,,-0.7961483728658902,-44.01134250047342,-0.9198180784923904,5.171954145561183,112,112,5.205357142857143,5.205357142857143,9,9,76,-1.026102892488988
9,0.15,0.0015,30,45,10,,,,,-0.8785869272557867,-42.806339038776976,-1.0021765114204046,4.158890962410024,103,103,4.932038834951456,4.932038834951456,9,9,73,-1.129131055110888
9,0.15,0.002,30,45,10,,,,,-0.7699355453046342,-43.192687635553824,-0.8936307269972703,3.9722740602505997,94,94,5.031914893617022,5.031914893617022,9,9,66,-0.9933432270539517
9,0.15,0.003,30,45,10,,,,,-0.7020745506486348,-45.01986983042005,-0.834286268574767,3.0125299920021327,74,74,4.95945945945946,4.95945945945946,9,9,54,-0.9106461177923265
9,0.2,0.0005,30,45,10,,,,,-0.6429761815692325,-44.77845589809071,-0.7451791708839453,6.185017328712343,120,120,5.658333333333333,5.658333333333333,9,9,72,-0.8292709742902189
9,0.2,0.001,30,45,10,,,,,-0.826267390336588,-38.67679765600078,-0.9282818382806838,5.545187949880033,111,111,5.513513513513513,5.513513513513513,9,9,69,-1.058337849906759
9,0.2,0.0015,30,45,10,,,,,-0.9213210673961303,-37.945484851642156,-1.0232377389619993,4.425486536923487,102,102,5.186274509803922,5.186274509803922,9,9,67,-1.17713050213663
9,0.2,0.002,30,45,10,,,,,-0.7966285344554791,-38.215102573986,-0.8986734702257493,4.238869634764063,92,92,5.336956521739131,5.336956521739131,9,9,59,-1.0212969020119165
9,0.2,0.003,30,45,10,,,,,-0.7008527031157286,-44.90974927707238,-0.8386988795713596,3.0925086643561714,72,72,5.180555555555555,5.180555555555555,9,9,48,-0.9105274230085685
9,0.3,0.0005,30,45,10,,,,,-0.5569968092412836,-40.66065327775014,-0.6592882407066724,6.718208477739269,119,119,6.117647058823529,6.117647058823529,9,9,65,-0.7218188694179517
9,0.3,0.001,30,45,10,,,,,-0.574477539548035,-42.51671132153491,-0.6767509895680872,5.998400426552919,110,110,5.9818181818181815,5.9818181818181815,9,9,62,-0.7436652869400568
9,0.3,0.0015,30,45,10,,,,,-0.624321034212727,-42.08626133839294,-0.7265432130296281,4.825379898693682,101,101,5.643564356435643,5.643564356435643,9,9,60,-0.805956837470134
9,0.3,0.002,30,45,10,,,,,-0.49917099494617423,-42.479762974355985,-0.6379738181887633,4.558784324180219,91,91,5.78021978021978,5.78021978021978,9,9,53,-0.6586644494933651
9,0.3,0.003,30,45,10,,,,,-0.39302934888943986,-52.458550646334594,-0.5311921659384804,3.3057851239669422,71,71,5.619718309859155,5.619718309859155,9,9,44,-0.52582739037406
9,0.4,0.0005,30,45,10,,,,,-0.6307458239732333,-40.08813460261503,-0.7329613939698012,6.93148493735004,117,117,6.3760683760683765,6.3760683760683765,9,9,62,-0.8139861724656836
9,0.4,0.001,30,45,10,,,,,-0.6482265542799848,-41.86090632808062,-0.7504241428312161,6.21167688616369,108,108,6.2592592592592595,6.2592592592592595,9,9,59,-0.8358325899877888
9,0.4,0.0015,30,45,10,,,,,-0.5905794323736835,-32.13366800690309,-0.6928363192810605,5.145294588109837,99,99,5.94949494949495,5.94949494949495,9,9,56,-0.7637885121939486
9,0.4,0.002,30,45,10,,,,,-0.525414344251729,-32.4655932858978,-0.6277382628248013,4.772060783790989,90,90,6.0777777777777775,6.0777777777777775,9,9,50,-0.6823489099579293
9,0.4,0.003,30,45,10,,,,,-0.3864314144641834,-36.147704144082724,-0.5246010184377545,3.6256998133830978,71,71,6.028169014084507,6.028169014084507,9,9,41,-0.517581669073622
10,0.05,0.0005,30,45,10,,,,,-0.8719470573468113,-42.690539453316845,-0.9509596690035614,5.091975473207145,125,125,4.824,4.824,10,10,96,-1.1096869745977016
10,0.05,0.001,30,45,10,,,,,-1.0201428096105691,-37.46695249462754,-1.0990372979603906,4.425486536923487,116,116,4.568965517241379,4.568965517241379,10,10,93,-1.2949021341006668
10,0.05,0.0015,30,45,10,,,,,-0.8406356124325165,-43.1294566810725,-0.932322420298128,3.439082911223674,105,105,4.285714285714286,4.285714285714286,10,10,87,-1.0737162175070485
10,0.05,0.002,30,45,10,,,,,-0.7225088777758182,-43.52357960008119,-0.8323686931304638,3.332444681418288,96,96,4.364583333333333,4.364583333333333,10,10,78,-0.9306010510584342
10,0.05,0.003,30,45,10,,,,,-0.7050743036438156,-45.41459689365085,-0.823400077025634,2.3993601706211676,76,76,4.276315789473684,4.276315789473684,10,10,63,-0.9109243229002242
10,0.075,0.0005,30,45,10,,,,,-0.8612283784428798,-42.7266402230268,-0.9402495337034719,5.411890162623301,124,124,5.040322580645161,5.040322580645161,10,10,91,-1.0962907618687479
10,0.075,0.001,30,45,10,,,,,-1.0094241307066376,-37.4908766133382,-1.088327162660301,4.745401226339642,115,115,4.8,4.8,10,10,88,-1.2815059213717128
10,0.075,0.0015,30,45,10,,,,,-0.8318288090756853,-43.167222048195036,-0.9223857080910386,3.7589976006398294,104,104,4.538461538461538,4.538461538461538,10,10,83,-1.062425236098445
10,0.075,0.002,30,45,10,,,,,-0.7111182675087369,-43.56233790559876,-0.8198502335041045,3.6256998133830978,95,95,4.610526315789474,4.610526315789474,10,10,74,-0.916080825884763
10,0.075,0.003,30,45,10,,,,,-0.6936836933767454,-45.45891831876537,-0.8108816173992746,2.692615302585977,75,75,4.586666666666667,4.586666666666667,10,10,59,-0.896404097726564
10,0.1,0.0005,30,45,10,,,,,-0.6842871836656328,-56.74786600072545,-0.7634493745412078,5.731804852039456,122,122,5.368852459016393,5.368852459016393,10,10,88,-0.8751495273009348
10,0.1,0.001,30,45,10,,,,,-0.8020731415607996,-46.016767355459876,-0.8811414480527506,5.065315915755798,113,113,5.1415929203539825,5.1415929203539825,10,10,85,-1.0223585035739873
10,0.1,0.0015,30,45,10,,,,,-0.8787024015906364,-42.924265708485336,-0.9577096287232733,4.0522527326046385,104,104,4.865384615384615,4.865384615384615,10,10,82,-1.1181298087714546
10,0.1,0.002,30,45,10,,,,,-0.7595376699169432,-43.31174350153117,-0.8386398804209558,3.918954945347907,95,95,4.968421052631579,4.968421052631579,10,10,73,-0.9691976400221821
10,0.1,0.003,30,45,10,,,,,-0.7397211186827346,-45.25483039686098,-0.8255812428280882,2.9058917621967475,75,75,4.92,4.92,10,10,58,-0.9461164293897566
10,0.125,0.0005,30,45,10,,,,,-0.7184853610508912,-55.699759206944464,-0.8243802194798234,5.998400426552919,121,121,5.578512396694215,5.578512396694215,10,10,82,-0.924580415920847
10,0.125,0.001,30,45,10,,,,,-0.8362713189460469,-45.4595542655535,-0.9420722929913549,5.3319114902692615,112,112,5.366071428571429,5.366071428571429,10,10,79,-1.0717893921938857
10,0.125,0.0015,30,45,10,,,,,-0.8893634738685874,-42.5467680992832,-0.9951221294208569,4.318848307118102,103,103,5.097087378640777,5.097087378640777,10,10,76,-1.1381440062238015
10,0.125,0.002,30,45,10,,,,,-0.773986803528337,-42.92732015644974,-0.8798374230784577,4.132231404958678,94,94,5.191489361702128,5.191489361702128,10,10,68,-0.9939461592979515
10,0.125,0.003,30,45,10,,,,,-0.7385280210321921,-44.856535777366865,-0.8528589652769742,3.1191682218075183,74,74,5.1891891891891895,5.1891891891891895,10,10,54,-0.9517427623514356
10,0.15,0.0005,30,45,10,,,,,-0.7233501666570441,-55.524560919065735,-0.8292411474652092,6.105038656358305,121,121,5.68595041322314,5.68595041322314,10,10,80,-0.9306604535233464
10,0.15,0.001,30,45,10,,,,,-0.8539964526523947,-45.33899102493553,-0.9597832984155027,5.438549720074646,112,112,5.482142857142857,5.482142857142857,10,10,77,-1.0939422772562704
10,0.15,0.0015,30,45,10,,,,,-0.9070886075749462,-42.44973109785641,-1.0128331348450048,4.425486536923487,103,103,5.223300970873787,5.223300970873787,10,10,74,-1.1602968912861975
10,0.15,0.002,30,45,10,,,,,-0.7917119372346959,-42.827019704292105,-0.8975484285026055,4.238869634764063,94,94,5.329787234042553,5.329787234042553,10,10,67,-1.0160990443603473
10,0.15,0.003,30,45,10,,,,,-0.7597526721451864,-44.82918841876239,-0.8740666987257405,3.1191682218075183,74,74,5.22972972972973,5.22972972972973,10,10,54,-0.9782693468266215
10,0.2,0.0005,30,45,10,,,,,-0.7175482648781872,-45.664357081646045,-0.7966839441375687,6.6115702479338845,120,120,6.016666666666667,6.016666666666667,10,10,74,-0.9167192509125794
10,0.2,0.001,30,45,10,,,,,-0.8490569085578326,-39.49827063915791,-0.9280877654073717,5.945081311650227,111,111,5.846846846846847,5.846846846846847,10,10,71,-1.0810788499096755
10,0.2,0.0015,30,45,10,,,,,-0.92249661618653,-37.64345880594112,-1.001468935993053,4.798720341242335,102,102,5.529411764705882,5.529411764705882,10,10,69,-1.1728638501847932
10,0.2,0.002,30,45,10,,,,,-0.791078794856781,-37.90617061840602,-0.8701558646808126,4.612103439082911,92,92,5.695652173913044,5.695652173913044,10,10,61,-1.0086177610269842
10,0.2,0.003,30,45,10,,,,,-0.7490970436194289,-44.70460011587922,-0.8634195635478558,3.279125566515596,72,72,5.513888888888889,5.513888888888889,10,10,49,-0.9649519345063928
10,0.3,0.0005,30,45,10,,,,,-0.669873764123885,-41.26985241063381,-0.7490474435931196,7.171420954412157,119,119,6.529411764705882,6.529411764705882,10,10,67,-0.8571356250221649
10,0.3,0.001,30,45,10,,,,,-0.6355719293429263,-43.54319917278284,-0.7147729499882509,6.42495334577446,110,110,6.372727272727273,6.372727272727273,10,10,64,-0.814265166839989
10,0.3,0.0015,30,45,10,,,,,-0.6638014545767845,-41.61452690648912,-0.7429799741394288,5.225273260463877,101,101,6.0495049504950495,6.0495049504950495,10,10,62,-0.8495464481116417
10,0.3,0.002,30,45,10,,,,,-0.5336041707321271,-41.995901781436736,-0.6432190718782005,4.932018128499067,91,91,6.197802197802198,6.197802197802198,10,10,55,-0.6944089387016772
10,0.3,0.003,30,45,10,,,,,-0.4675399589033846,-52.01988480799102,-0.5820869012827096,3.492402026126366,71,71,6.0,6.0,10,10,45,-0.613061684224062
10,0.4,0.0005,30,45,10,,,,,-0.7481094947423328,-40.67615761314152,-0.827220814372778,7.358037856571581,117,117,6.803418803418803,6.803418803418803,10,10,64,-0.9549146983355272
10,0.4,0.001,30,45,10,,,,,-0.7138076599613741,-42.84286851664628,-0.7929463207679092,6.6115702479338845,108,108,6.666666666666667,6.666666666666667,10,10,61,-0.9120442401533514
10,0.4,0.0015,30,45,10,,,,,-0.6105171470394355,-31.81636867434577,-0.6897381382554043,5.411890162623301,98,98,6.346938775510204,6.346938775510204,10,10,58,-0.7829516816032865
10,0.4,0.002,30,45,10,,,,,-0.536480472499179,-32.136590880389,-0.6157604765862786,5.065315915755798,89,89,6.48314606741573,6.48314606741573,10,10,52,-0.6904205916457486
10,0.4,0.003,30,45,10,,,,,-0.4344453640098389,-35.854443875789215,-0.5490186853030578,3.7589976006398294,70,70,6.4,6.4,10,10,42,-0.5717000353356033
