date,ticker,option_price,stock_price,delta,delta_raw,signal_side,option_qty,num_contracts,stock_position,dte,days_held,bars_held,daily_pnl,cumulative_pnl,option_pnl,stock_pnl
2010-01-14,INTC,1.0350000000000001,21.48,-0.59996,0.59996,-1,-38,38,2279.848,37,1,1,0.0,0.0,-0.0,0.0
2010-01-15,INTC,0.495,20.8,-0.449023,0.449023,-1,-38,38,1706.2873999999997,36,2,2,495.73832976000114,495.73832976000114,2052.0000000000005,-1550.2966399999993
2010-01-19,INTC,0.505,21.05,-0.512414,0.512414,-1,-38,38,1947.1731999999997,32,3,3,386.0365269549999,881.7748567150011,-38.000000000000036,426.5718499999999
2010-01-27,ABT,0.95,53.9,0.392455,0.392455,1,7,7,-274.7185,52,1,1,0.0,0.0,0.0,-0.0
2010-01-28,ABT,1.0,53.95,0.400585,0.400585,1,7,7,-280.40950000000004,51,2,2,21.110560274998853,21.110560274998853,35.00000000000003,-13.735925000001172
2010-01-29,ABT,1.775,52.94,0.561766,0.561766,1,7,7,-393.2362,50,3,3,822.7270722510013,843.8376325260002,542.4999999999999,283.2135950000015
2010-02-02,BP,1.69,55.46,-0.530462,0.530462,-1,-14,14,742.6468,46,1,1,0.0,0.0,-0.0,0.0
2010-02-03,BP,1.5150000000000001,55.17,-0.497594,0.497594,-1,-14,14,696.6315999999999,45,2,2,28.363098708000372,28.363098708000372,244.99999999999974,-215.36757199999937
2010-02-04,BP,0.99,53.48,-0.337897,0.337897,-1,-14,14,473.0558,44,3,3,-448.2858208920031,-419.9227221840027,735.0000000000002,-1177.3074040000033
2010-02-08,CVS,1.09,32.72,0.483284,0.483284,1,23,23,-1111.5532,40,1,1,0.0,0.0,0.0,-0.0
2010-02-09,CVS,1.01,32.72,0.479545,0.479545,1,23,23,-1102.9535,39,2,2,-184.14069109200017,-184.14069109200017,-184.00000000000017,-0.0
2010-02-10,CVS,0.98,32.73,0.479176,0.479176,1,23,23,-1102.1048,38,3,3,-80.04342397549786,-264.18411506749806,-69.00000000000006,-11.029534999997807
2010-02-16,MRK,0.89,37.66,-0.457966,0.457966,-1,-29,29,1328.1014,32,1,1,0.0,0.0,-0.0,0.0
2010-04-13,INTC,0.625,22.7699,0.456122,0.456122,1,48,48,-2189.3856,39,1,1,0.0,0.0,0.0,-0.0
2010-04-14,INTC,0.365,23.52,0.368012,0.368012,1,48,48,-1766.4576,38,2,2,-2895.2317718399995,-2895.2317718399995,-1248.0,-1642.2581385599995
2010-04-19,IBM,4.15,132.23,-0.618491,0.618491,-1,-6,6,371.0946,33,1,1,0.0,0.0,-0.0,0.0
2010-04-20,IBM,1.865,129.69,-0.46072,0.46072,-1,-6,6,276.432,32,2,2,422.28131970300296,422.28131970300296,1371.0,-942.580283999997
2010-04-21,IBM,1.5350000000000001,128.99,-0.410092,0.410092,-1,-6,6,246.0552,31,3,3,2.5384482840030462,424.819767987006,197.99999999999991,-193.50239999999687
2010-04-23,SLB,3.225,72.68,-0.526431,0.526431,-1,-13,13,684.3602999999999,57,1,1,0.0,0.0,-0.0,0.0
2010-04-26,SLB,3.125,72.69,-0.524387,0.524387,-1,-13,13,681.7031000000001,54,2,2,136.7470270659939,136.7470270659939,130.0000000000001,6.8436029999937755
2010-04-27,SLB,3.375,70.31,-0.532987,0.532987,-1,-13,13,692.8831,53,3,3,-1947.846410899997,-1811.099383834003,-325.0,-1622.453377999997
2010-04-29,PG,1.32,62.2,0.481347,0.481347,1,5,5,-240.67350000000002,51,1,1,0.0,0.0,0.0,-0.0
2010-04-29,BMY,1.1099999999999999,25.37,0.584028,0.584028,1,33,33,-1927.2924,51,1,1,0.0,0.0,0.0,-0.0
2010-04-30,PG,1.335,62.16,0.475904,0.475904,1,5,5,-237.952,50,2,2,17.042355780001458,17.042355780001458,7.499999999999951,9.626940000001506
2010-04-30,BMY,1.07,25.31,0.570959,0.570959,1,33,33,-1884.1647,50,2,2,-16.908237043494992,-16.908237043494992,-131.99999999999937,115.63754400000438
2010-05-03,PG,1.49,62.68,0.527118,0.527118,1,5,5,-263.55899999999997,47,3,3,-47.03756338000072,-29.99520759999926,77.50000000000001,-123.73504000000074
2010-05-03,BMY,0.935,25.13,0.541458,0.541458,1,33,33,-1786.8114,47,3,3,-107.57359821450055,-124.48183525799554,-445.5,339.14964599999945
2010-05-12,CSCO,0.97,26.74,-0.48384,0.48384,-1,-38,38,1838.592,38,1,1,0.0,0.0,-0.0,0.0
2010-05-13,CSCO,0.695,25.53,-0.431535,0.431535,-1,-38,38,1639.833,37,2,2,-1182.2334786349948,-1182.2334786349948,1045.0000000000002,-2224.696319999995
2010-05-18,HPQ,1.51,46.79,-0.455518,0.455518,-1,-23,23,1047.6914,32,1,1,0.0,0.0,-0.0,0.0
2010-05-19,HPQ,1.4849999999999999,47.0,-0.467302,0.467302,-1,-23,23,1074.7946,31,2,2,276.8782688000012,276.8782688000012,57.500000000000306,220.0151940000009
2010-05-20,HPQ,1.975,45.95,-0.517694,0.517694,-1,-23,23,1190.6961999999999,30,3,3,-2258.1971692599977,-1981.3189004599965,-1127.0000000000005,-1128.534329999997
2010-05-28,PBR,2.0549999999999997,35.62,-0.505779,0.505779,-1,-13,13,657.5127,50,1,1,0.0,0.0,-0.0,0.0
2010-06-01,PBR,2.1550000000000002,35.63,-0.507743,0.507743,-1,-13,13,660.0659,46,2,2,-123.47035825799732,-123.47035825799732,-130.00000000000068,6.575127000003364
2010-06-02,PBR,2.04,36.8,-0.512668,0.512668,-1,-13,13,666.4684,45,3,3,921.6592969999967,798.1889387419994,149.50000000000028,772.2771029999965
2010-07-15,JPM,1.89,40.46,-0.563016,0.563016,-1,-21,21,1182.3336,37,1,1,0.0,0.0,-0.0,0.0
2010-07-16,JPM,1.65,39.0,-0.522061,0.522061,-1,-21,21,1096.3281,36,2,2,-1223.884163250001,-1223.884163250001,504.0,-1726.2070560000009
2010-07-20,PEP,0.98,64.73,0.472312,0.472312,1,16,16,-755.6992,32,1,1,0.0,0.0,0.0,-0.0
2010-07-21,PEP,0.635,63.95,0.349567,0.349567,1,16,16,-559.3072,31,2,2,31.16574180000092,31.16574180000092,-552.0,589.4453760000009
2010-07-22,PEP,0.755,64.21,0.397826,0.397826,1,16,16,-636.5215999999999,30,3,3,44.10115968800509,75.26690148800601,192.0,-145.4198719999949
2010-07-29,AMGN,2.7,53.37,0.582601,0.582601,1,8,8,-466.0808,51,1,1,0.0,0.0,0.0,-0.0
2010-07-30,AMGN,1.815,54.53,0.482836,0.482836,1,8,8,-386.26879999999994,50,2,2,-1250.8298021800022,-1250.8298021800022,-708.0000000000002,-540.6537280000017
2010-08-03,PFE,0.675,16.34,-0.5571,0.5571,-1,-54,54,3008.34,46,1,1,0.0,0.0,-0.0,0.0
2010-08-04,PFE,0.88,16.44,-0.629725,0.629725,-1,-54,54,3400.515,45,2,2,-809.3896784999955,-809.3896784999955,-1106.9999999999998,300.83400000000427
2010-08-19,HPQ,1.395,40.76,-0.490538,0.490538,-1,-24,24,1177.2912,30,1,1,0.0,0.0,-0.0,0.0
2010-10-18,IBM,2.615,142.83,-0.406999,0.406999,-1,-8,8,325.5992,33,1,1,0.0,0.0,-0.0,0.0
2010-10-19,IBM,1.585,138.03,-0.374528,0.374528,-1,-8,8,299.6224,32,2,2,-740.6689488520034,-740.6689488520034,824.0000000000002,-1562.8761600000037
2010-10-21,PM,1.48,57.56,-0.510852,0.510852,-1,-16,16,817.3632,58,1,1,0.0,0.0,-0.0,0.0
2010-10-22,PM,1.78,58.13,-0.578016,0.578016,-1,-16,16,924.8256,57,2,2,-17.226370655999844,-17.226370655999844,-480.00000000000006,465.8970240000002
2010-10-25,PM,1.205,59.47,-0.451399,0.451399,-1,-16,16,722.2384000000001,54,3,3,2153.242373607997,2136.016002951997,919.9999999999999,1239.2663039999966
2010-10-27,PG,1.66,63.08,0.582172,0.582172,1,13,13,-756.8236,52,1,1,0.0,0.0,0.0,-0.0
2010-10-27,COP,2.125,60.08,-0.525269,0.525269,-1,-10,10,525.269,52,1,1,0.0,0.0,-0.0,0.0
2010-10-28,PG,1.71,63.19,0.595588,0.595588,1,13,13,-774.2644,51,2,2,-18.801638075999517,-18.801638075999517,65.00000000000006,-83.25059599999958
2010-10-28,COP,1.82,59.58,-0.485506,0.485506,-1,-10,10,485.50600000000003,51,2,2,41.18096022999994,41.18096022999994,304.99999999999994,-262.6345
2010-10-29,PG,1.975,63.57,0.623027,0.623027,1,13,13,-809.9351,50,3,3,49.14573480049821,30.344096724498694,344.50000000000017,-294.22047200000196
2010-10-29,COP,1.725,59.3875,-0.469801,0.469801,-1,-10,10,469.80100000000004,50,3,3,1.073754656252169,42.25471488625211,94.99999999999997,-93.4599049999978
2010-11-02,BP,1.835,41.42,-0.562239,0.562239,-1,-6,6,337.34340000000003,46,1,1,0.0,0.0,-0.0,0.0
2010-11-03,BP,1.75,42.37,-0.552199,0.552199,-1,-6,6,331.3194,45,2,2,371.3486115599986,371.3486115599986,50.99999999999998,320.47622999999857
2010-11-04,BP,1.495,43.91,-0.506609,0.506609,-1,-6,6,303.96539999999993,44,3,3,662.6313189299996,1033.9799304899982,152.99999999999994,510.23187599999966
2010-11-10,CSCO,0.705,24.49,-0.433101,0.433101,-1,-46,46,1992.2646,38,1,1,0.0,0.0,-0.0,0.0
2010-11-11,CSCO,0.645,20.52,-0.433507,0.433507,-1,-46,46,1994.1321999999998,37,2,2,-7633.309623575998,-7633.309623575998,275.9999999999998,-7909.290461999997
2010-11-23,HPQ,1.835,44.19,-0.531246,0.531246,-1,-20,20,1062.492,60,1,1,0.0,0.0,-0.0,0.0
2010-11-24,HPQ,1.545,43.745,-0.488525,0.488525,-1,-20,20,977.05,59,2,2,105.32222985499982,105.32222985499982,580.0000000000001,-472.8089400000003
2010-11-26,HPQ,1.75,43.2,-0.532255,0.532255,-1,-20,20,1064.51,57,3,3,-944.3813859999948,-839.059156144995,-410.0000000000001,-532.4922499999947
2010-12-16,ORCL,1.2149999999999999,30.27,0.556666,0.556666,1,29,29,-1614.3314,37,1,1,0.0,0.0,0.0,-0.0
2010-12-17,ORCL,1.09,31.4625,0.59907,0.59907,1,29,29,-1737.303,36,2,2,-2289.524691482498,-2289.524691482498,-362.4999999999994,-1925.0901944999985
2011-01-13,INTC,0.785,21.29,-0.56942,0.56942,-1,-40,40,2277.6800000000003,37,1,1,0.0,0.0,-0.0,0.0
2011-01-14,INTC,0.53,21.08,-0.521075,0.521075,-1,-40,40,2084.3,36,2,2,539.648974799998,539.648974799998,1020.0,-478.312800000002
2011-01-18,INTC,0.51,21.0825,-0.521585,0.521585,-1,-40,40,2086.34,32,3,3,85.18924585000273,624.8382206500007,80.00000000000007,5.210750000002666
2011-01-21,BAC,0.895,14.25,0.578259,0.578259,1,59,59,-3411.7281,57,1,1,0.0,0.0,0.0,-0.0
2011-01-21,GE,0.58,19.74,-0.441376,0.441376,-1,-52,52,2295.1552,57,1,1,0.0,0.0,-0.0,0.0
2011-01-24,BAC,0.645,13.92,0.505425,0.505425,1,59,59,-2982.0075,54,2,2,-352.1205823759998,-352.1205823759998,-1475.0,1125.8702730000002
2011-01-24,GE,0.665,20.04,-0.502154,0.502154,-1,-52,52,2611.2008,54,2,2,243.37978308800137,243.37978308800137,-442.00000000000034,688.5465600000017
2011-01-25,BAC,0.505,13.63,0.43669,0.43669,1,59,59,-2576.4710000000005,53,3,3,36.01844375249744,-316.10213862350236,-826.0000000000001,864.7821749999976
2011-01-25,GE,0.62,19.98,-0.488192,0.488192,-1,-52,52,2538.5984000000003,53,3,3,76.60265402400351,319.9824371120049,234.00000000000017,-156.67204799999666
2011-02-01,BP,1.5350000000000001,47.98,-0.4778,0.4778,-1,-21,21,1003.38,46,1,1,0.0,0.0,-0.0,0.0
2011-02-02,BP,1.57,47.13,-0.488015,0.488015,-1,-21,21,1024.8315,45,2,2,-926.8785045974942,-926.8785045974942,-73.49999999999983,-852.8729999999942
2011-02-09,KO,1.395,63.15,0.587534,0.587534,1,13,13,-763.7942,38,1,1,0.0,0.0,0.0,-0.0
2011-02-10,KO,1.58,63.54,0.642994,0.642994,1,13,13,-835.8922,37,2,2,-59.67029146000034,-59.67029146000034,240.50000000000009,-297.87973800000043
2011-02-11,KO,1.57,63.57,0.655362,0.655362,1,13,13,-851.9706000000001,36,3,3,-38.58781794400096,-98.2581094040013,-13.00000000000001,-25.07676600000095
2011-03-24,ORCL,1.495,32.14,-0.532261,0.532261,-1,-4,4,212.90439999999998,58,1,1,0.0,0.0,-0.0,0.0
2011-03-25,ORCL,1.09,32.64,-0.468583,0.468583,-1,-4,4,187.4332,57,2,2,268.036510016,268.036510016,162.0,106.45219999999999
2011-03-28,ORCL,0.99,32.555,-0.452988,0.452988,-1,-4,4,181.1952,54,3,3,23.966638954999876,292.0031489709999,40.000000000000036,-15.93182200000016
2011-04-15,BAC,0.325,12.82,-0.446798,0.446798,-1,-85,85,3797.783,36,1,1,0.0,0.0,-0.0,0.0
2011-04-18,BAC,0.64,12.42,-0.676207,0.676207,-1,-85,85,5747.7595,33,2,2,-4208.7225540650015,-4208.7225540650015,-2677.5,-1519.1132000000014
2011-04-20,T,0.59,30.13,0.550014,0.550014,1,29,29,-1595.0406,31,1,1,0.0,0.0,0.0,-0.0
2011-04-21,T,0.35,30.68,0.406971,0.406971,1,29,29,-1180.2159000000001,30,2,2,-1579.6357408980011,-1579.6357408980011,-696.0,-877.2723300000011
2011-04-26,KO,1.025,66.93,-0.434433,0.434433,-1,-16,16,695.0928,53,1,1,0.0,0.0,-0.0,0.0
2011-04-27,KO,1.02,67.0,-0.437296,0.437296,-1,-16,16,699.6736,52,2,2,56.50303919999509,56.50303919999509,7.9999999999998295,48.65649599999526
2011-04-28,KO,1.18,67.41,-0.494169,0.494169,-1,-16,16,790.6704,51,3,3,27.799128855997722,84.30216805599281,-255.9999999999999,286.8661759999976
2011-05-03,PFE,0.735,20.44,-0.597662,0.597662,-1,-39,39,2330.8818,46,1,1,0.0,0.0,-0.0,0.0
2011-05-04,PFE,0.37,20.64,-0.370014,0.370014,-1,-39,39,1443.0546,45,2,2,1880.5139832959983,1880.5139832959983,1423.5,466.17635999999834
2011-05-05,PFE,0.685,20.39,-0.576163,0.576163,-1,-39,39,2247.0357,44,3,3,-1597.4602373145003,283.05374598149797,-1228.5000000000002,-360.76365
2011-05-17,HPQ,1.0,36.91,0.490911,0.490911,1,1,1,-49.0911,32,1,1,0.0,0.0,0.0,-0.0
2011-05-18,HPQ,1.205,36.49,0.579428,0.579428,1,1,1,-57.942800000000005,31,2,2,40.956762733499744,40.956762733499744,20.500000000000007,20.618261999999735
2011-05-19,HPQ,0.99,36.13,0.531148,0.531148,1,1,1,-53.114799999999995,30,3,3,-0.7278098200000374,40.228952913499704,-21.500000000000007,20.85940799999997
2011-07-20,ABT,0.76,52.4,0.485727,0.485727,1,19,19,-922.8813000000001,31,1,1,0.0,0.0,0.0,-0.0
2011-07-21,ABT,0.955,52.85,0.575234,0.575234,1,19,19,-1092.9446000000003,30,2,2,-49.29050770250272,-49.29050770250272,370.49999999999994,-415.29658500000266
2011-07-26,BP,1.54,46.18,0.494967,0.494967,1,14,14,-692.9538,53,1,1,0.0,0.0,0.0,-0.0
2011-07-26,AMZN,11.899999999999999,214.18,0.516933,0.516933,1,3,3,-155.0799,53,1,1,0.0,0.0,0.0,-0.0
2011-07-27,BP,1.565,44.92,0.473419,0.473419,1,14,14,-662.7866,52,2,2,907.4442326879986,907.4442326879986,34.99999999999987,873.1217879999987
2011-07-27,AMZN,9.9,222.518,0.490167,0.490167,1,3,3,-147.05010000000001,52,2,2,-1893.9495937181987,-1893.9495937181987,-599.9999999999995,-1293.0562061999992
2011-07-28,BP,1.5950000000000002,45.05,0.483853,0.483853,1,14,14,-677.3942000000001,51,3,3,-44.491294189996644,862.9529384980019,42.00000000000035,-86.162257999997
2011-08-05,PG,2.0700000000000003,60.59,0.569445,0.569445,1,14,14,-797.223,43,1,1,0.0,0.0,0.0,-0.0
2011-08-08,PG,1.6749999999999998,59.29,0.461907,0.461907,1,14,14,-646.6698,40,2,2,478.92675038600277,478.92675038600277,-553.0000000000006,1036.3899000000033
2011-08-09,PG,1.855,60.22,0.520045,0.520045,1,14,14,-728.063,39,3,3,-351.85366325199954,127.07308713400323,252.0000000000002,-601.4029139999998
2011-08-24,PBR,1.82,27.74,-0.511027,0.511027,-1,-29,29,1481.9783,59,1,1,0.0,0.0,-0.0,0.0
2011-08-25,PBR,1.575,24.97,-0.529906,0.529906,-1,-29,29,1536.7274,58,2,2,-3395.263433513499,-3395.263433513499,710.5000000000003,-4105.079890999999
2011-09-20,ORCL,1.775,28.35,-0.558615,0.558615,-1,-30,30,1675.845,32,1,1,0.0,0.0,-0.0,0.0
2011-09-21,ORCL,1.085,29.54,-0.461276,0.461276,-1,-30,30,1383.8280000000002,31,2,2,4059.9424589099963,4059.9424589099963,2070.0,1994.2555499999962
2011-09-22,ORCL,1.725,28.34,-0.55708,0.55708,-1,-30,30,1671.2400000000002,30,3,3,-3584.6662280399996,475.27623086999665,-1920.0000000000005,-1660.5935999999992
2011-10-13,JPM,1.68,31.6,-0.496118,0.496118,-1,-31,31,1537.9658000000002,37,1,1,0.0,0.0,-0.0,0.0
2011-10-14,JPM,1.705,31.89,-0.516724,0.516724,-1,-31,31,1601.8444,36,2,2,367.4915377229984,367.4915377229984,-77.50000000000041,446.01008199999876
2011-10-17,JPM,1.725,31.04,-0.529234,0.529234,-1,-31,31,1640.6254,33,3,3,-1424.1696211200021,-1056.6780833970038,-62.00000000000006,-1361.5677400000022
2011-10-19,ABT,1.79,53.25,0.599151,0.599151,1,15,15,-898.7265,31,1,1,0.0,0.0,0.0,-0.0
2011-10-20,ABT,0.785,54.05,0.38769,0.38769,1,15,15,-581.535,30,2,2,-2235.053300287497,-2235.053300287497,-1507.4999999999998,-718.9811999999974
2011-10-26,COP,2.5300000000000002,71.89,0.487017,0.487017,1,4,4,-194.80679999999998,52,1,1,0.0,0.0,0.0,-0.0
2011-10-27,COP,2.8899999999999997,72.85,0.534015,0.534015,1,4,4,-213.606,51,2,2,-43.69928885999899,-43.69928885999899,143.99999999999977,-187.01452799999876
2011-10-28,COP,2.21,71.74,0.467042,0.467042,1,4,4,-186.8168,50,3,3,-35.85826860400002,-79.557557463999,-271.9999999999999,237.10265999999987
2011-11-22,HPQ,1.63,26.65,-0.492828,0.492828,-1,-36,36,1774.1808,60,1,1,0.0,0.0,-0.0,0.0
2011-11-23,HPQ,1.745,25.78,-0.508316,0.508316,-1,-36,36,1829.9376000000002,59,2,2,-1958.2560011519963,-1958.2560011519963,-414.0000000000008,-1543.5372959999956
2012-01-19,BAC,0.33999999999999997,6.96,0.507063,0.507063,1,137,137,-6946.763100000001,30,1,1,0.0,0.0,0.0,-0.0
2012-01-25,ABT,1.165,55.23,-0.548386,0.548386,-1,-3,3,164.5158,52,1,1,0.0,0.0,-0.0,0.0
2012-01-25,COP,1.72,69.98,-0.478676,0.478676,-1,-8,8,382.94079999999997,52,1,1,0.0,0.0,-0.0,0.0
2012-01-26,ABT,0.965,54.87,-0.486524,0.486524,-1,-3,3,145.9572,51,2,2,0.2651568090001082,0.2651568090001082,60.00000000000002,-59.22568799999991
2012-01-26,COP,1.54,69.53,-0.439013,0.439013,-1,-8,8,351.21039999999994,51,2,2,-29.426467356001115,-29.426467356001115,143.99999999999994,-172.32336000000106
2012-01-27,ABT,1.06,55.02,-0.517176,0.517176,-1,-3,3,155.15279999999998,50,3,3,-6.859390955999197,-6.594234146999089,-28.50000000000003,21.89358000000083
2012-01-27,COP,1.475,69.4,-0.430834,0.430834,-1,-8,8,344.6671999999999,50,3,3,6.11559896000156,-23.310868395999556,51.99999999999996,-45.6573519999984
2012-02-02,MRK,1.08,38.44,-0.596917,0.596917,-1,-8,8,477.53360000000004,44,1,1,0.0,0.0,-0.0,0.0
2012-02-03,MRK,0.975,38.37,-0.585146,0.585146,-1,-8,8,468.11680000000007,43,2,2,50.39198669199993,50.39198669199993,84.00000000000007,-33.42735200000014
2012-02-06,MRK,0.9299999999999999,38.4,-0.583031,0.583031,-1,-8,8,466.4248,40,3,3,50.011017600000564,100.4030042920005,36.00000000000003,14.043504000000535
2012-02-09,PM,1.57,80.06,0.518227,0.518227,1,11,11,-570.0497,37,1,1,0.0,0.0,0.0,-0.0
2012-02-10,PM,1.8050000000000002,80.44,0.543462,0.543462,1,11,11,-597.8082,36,2,2,40.7646671300027,40.7646671300027,258.5000000000001,-216.61888599999742
2012-02-13,PM,1.1099999999999999,81.61,0.41752,0.41752,1,11,11,-459.27200000000005,33,3,3,-1469.5885636410014,-1428.8238965109988,-764.5000000000003,-699.4355940000011
2012-02-22,HPQ,1.365,28.94,0.506136,0.506136,1,3,3,-151.8408,59,1,1,0.0,0.0,0.0,-0.0
2012-02-23,HPQ,1.1,27.05,0.513228,0.513228,1,3,3,-153.9684,58,2,2,207.45033621000013,207.45033621000013,-79.49999999999997,286.9791120000001
2012-02-24,HPQ,0.83,26.64,0.44557,0.44557,1,3,3,-133.671,57,3,3,-18.143317368000016,189.3070188420001,-81.00000000000004,63.127044000000026
2012-04-16,C,1.5150000000000001,34.0,-0.521958,0.521958,-1,-27,27,1409.2866000000001,33,1,1,0.0,0.0,-0.0,0.0
2012-04-20,MCD,2.645,95.94,0.57826,0.57826,1,8,8,-462.608,57,1,1,0.0,0.0,0.0,-0.0
2012-04-23,MCD,2.13,95.19,0.521612,0.521612,1,8,8,-417.28959999999995,54,2,2,-67.2009292480001,-67.2009292480001,-412.0000000000001,346.956
2012-04-24,MCD,1.9249999999999998,94.59,0.475951,0.475951,1,8,8,-380.7608,53,3,3,84.64613040399753,17.445201155997438,-164.00000000000006,250.3737599999976
2012-04-27,MRK,1.05,38.46,0.605351,0.605351,1,7,7,-423.7457,50,1,1,0.0,0.0,0.0,-0.0
2012-04-30,MRK,0.885,39.24,0.553274,0.553274,1,7,7,-387.2918000000001,47,2,2,-446.7368715180005,-446.7368715180005,-115.50000000000003,-330.5216460000005
2012-05-09,TM,2.615,80.55,0.55355,0.55355,1,1,1,-55.355,38,1,1,0.0,0.0,0.0,-0.0
2012-05-10,TM,2.06,79.73,0.493782,0.493782,1,1,1,-49.3782,37,2,2,-10.347165132000397,-10.347165132000397,-55.500000000000014,45.39109999999962
2012-05-11,TM,2.57,80.71,0.566456,0.566456,1,1,1,-56.645599999999995,36,3,3,2.3160880730004827,-8.031077058999914,50.99999999999998,-48.390635999999496
2012-07-16,C,1.045,26.81,-0.491148,0.491148,-1,-36,36,1768.1327999999999,33,1,1,0.0,0.0,-0.0,0.0
2012-07-17,C,1.315,27.38,-0.572308,0.572308,-1,-36,36,2060.3088000000002,32,2,2,31.835806560000435,31.835806560000435,-972.0,1007.8356960000004
2012-07-18,C,1.1150000000000002,27.1,-0.531009,0.531009,-1,-36,36,1911.6324,31,3,3,141.09897078000392,172.93477734000436,719.999999999999,-576.886463999995
2012-07-24,GE,0.625,19.97,-0.506344,0.506344,-1,-47,47,2379.8168,60,1,1,0.0,0.0,-0.0,0.0
2012-07-25,GE,0.63,20.0,-0.5143,0.5143,-1,-47,47,2417.21,59,2,2,47.520572000002694,47.520572000002694,-23.50000000000002,71.39450400000271
2012-07-26,GE,0.395,20.56,-0.398038,0.398038,-1,-47,47,1870.7786,58,3,3,2452.520285207997,2500.0408572079996,1104.5,1353.6375999999968
2012-07-31,BP,1.33,39.9,-0.462378,0.462378,-1,-3,3,138.7134,53,1,1,0.0,0.0,-0.0,0.0
2012-08-01,BP,1.42,40.15,-0.485558,0.485558,-1,-3,3,145.6674,52,2,2,7.538748450000044,7.538748450000044,-26.999999999999957,34.67835
2012-08-02,BP,1.28,39.95,-0.462794,0.462794,-1,-3,3,138.83819999999997,51,3,3,12.730106730000594,20.26885518000064,41.99999999999997,-29.133479999999377
2012-08-07,DIS,1.395,49.81,-0.496973,0.496973,-1,-14,14,695.7622,46,1,1,0.0,0.0,-0.0,0.0
2012-08-08,DIS,1.475,50.49,-0.566703,0.566703,-1,-14,14,793.3842,45,2,2,358.6538286099997,358.6538286099997,-112.0000000000001,473.1182959999998
2012-08-09,DIS,1.17,49.96,-0.505454,0.505454,-1,-14,14,707.6356,44,3,3,4.364373971999369,363.0182025819991,427.0000000000002,-420.49362600000086
2012-10-12,JPM,1.06,41.62,0.466696,0.466696,1,24,24,-1120.0704,36,1,1,0.0,0.0,0.0,-0.0
2012-10-15,JPM,1.355,42.38,0.565664,0.565664,1,24,24,-1357.5936,33,2,2,-148.28662060800605,-148.28662060800605,707.9999999999998,-851.2535040000058
2012-10-16,JPM,1.0,42.83,0.484755,0.484755,1,24,24,-1163.412,32,3,3,-1467.0755189639942,-1615.3621395720002,-852.0,-610.9171199999942
2012-10-24,T,0.805,34.71,-0.466701,0.466701,-1,-16,16,746.7216,59,1,1,0.0,0.0,-0.0,0.0
2012-10-25,T,0.66,34.5,-0.420741,0.420741,-1,-16,16,673.1856,58,2,2,73.91996799999939,73.91996799999939,232.00000000000003,-156.81153600000064
2012-10-26,T,0.69,34.63,-0.436904,0.436904,-1,-16,16,699.0464000000001,57,3,3,39.06634824800185,112.98631624800123,-47.999999999999865,87.51412800000172
2012-11-02,CVX,1.645,108.37,-0.367236,0.367236,-1,-12,12,440.68319999999994,50,1,1,0.0,0.0,-0.0,0.0
2012-11-05,CVX,2.0599999999999996,109.19,-0.420414,0.420414,-1,-12,12,504.49679999999995,47,2,2,-140.12367949200254,-140.12367949200254,-497.9999999999995,361.36022399999695
2012-11-06,CVX,2.525,110.36,-0.482915,0.482915,-1,-12,12,579.4979999999999,46,3,3,28.12268978400046,-112.00098970800208,-558.0000000000003,590.2612560000008
2012-11-08,DIS,1.525,50.04,-0.513806,0.513806,-1,-18,18,924.8508,44,1,1,0.0,0.0,-0.0,0.0
2012-11-09,DIS,1.16,47.06,-0.504747,0.504747,-1,-18,18,908.5446,43,2,2,-2099.439068885997,-2099.439068885997,657.0,-2756.055383999997
2013-01-22,IBM,4.675,196.08,0.524074,0.524074,1,1,1,-52.4074,31,1,1,0.0,0.0,0.0,-0.0
2013-02-01,CVX,2.8,116.5,0.593384,0.593384,1,6,6,-356.0304,43,1,1,0.0,0.0,0.0,-0.0
2013-02-04,CVX,1.97,115.2,0.476398,0.476398,1,6,6,-285.8388,40,2,2,-39.203516160000916,-39.203516160000916,-497.9999999999999,462.83951999999897
2013-02-05,CVX,2.255,115.81,0.526685,0.526685,1,6,6,-316.01099999999997,39,3,3,-5.108789240999894,-44.31230540100081,170.99999999999994,-174.36166799999984
2013-02-07,PM,1.585,89.82,0.494201,0.494201,1,10,10,-494.20099999999996,37,1,1,0.0,0.0,0.0,-0.0
2013-02-08,PM,1.76,90.45,0.546276,0.546276,1,10,10,-546.276,36,2,2,-138.70172187500475,-138.70172187500475,175.00000000000003,-311.3466300000048
2013-02-11,PM,1.6949999999999998,90.35,0.547477,0.547477,1,10,10,-547.477,33,3,3,-10.426655174995515,-149.12837705000027,-65.00000000000017,54.627600000004655
2013-02-26,HD,1.8,67.56,0.492543,0.492543,1,14,14,-689.5602,53,1,1,0.0,0.0,0.0,-0.0
2013-02-27,HD,1.955,68.06,0.532096,0.532096,1,14,14,-744.9344,52,2,2,-129.66448402599994,-129.66448402599994,217.00000000000006,-344.7801
2013-02-28,HD,2.2350000000000003,68.5,0.57276,0.57276,1,14,14,-801.864,51,3,3,62.27902520000203,-67.38545882599792,392.00000000000034,-327.7711359999983
2013-04-15,C,1.3250000000000002,44.87,0.50031,0.50031,1,21,21,-1050.651,33,1,1,0.0,0.0,0.0,-0.0
2013-04-16,C,1.205,46.66,0.474866,0.474866,1,21,21,-997.2186,32,2,2,-2133.9118678919995,-2133.9118678919995,-252.00000000000023,-1880.6652899999992
2013-04-18,PM,1.355,91.69,0.428378,0.428378,1,12,12,-514.0536,30,1,1,0.0,0.0,0.0,-0.0
2013-04-24,PG,1.6099999999999999,77.12,0.474704,0.474704,1,13,13,-617.1152,59,1,1,0.0,0.0,0.0,-0.0
2013-04-25,PG,1.2650000000000001,76.58,0.420355,0.420355,1,13,13,-546.4614999999999,58,2,2,-117.96312217299585,-117.96312217299585,-448.49999999999966,333.2422080000038
2013-04-26,PG,1.4849999999999999,77.1,0.475392,0.475392,1,13,13,-618.0095999999999,57,3,3,-0.9181592549980859,-118.88128142799394,285.99999999999966,-284.15997999999774
2013-05-01,CMCSA,1.07,41.86,0.49396,0.49396,1,23,23,-1136.108,52,1,1,0.0,0.0,0.0,-0.0
2013-05-02,CMCSA,1.19,42.11,0.530419,0.530419,1,23,23,-1219.9636999999998,51,2,2,-9.792581763500213,-9.792581763500213,275.9999999999998,-284.027
2013-05-03,CMCSA,0.86,42.54,0.441083,0.441083,1,23,23,-1014.4908999999999,50,3,3,-1287.9547974559994,-1297.7473792194996,-758.9999999999999,-524.5843909999995
2013-07-15,C,1.125,51.81,0.437979,0.437979,1,21,21,-919.7559,33,1,1,0.0,0.0,0.0,-0.0
2013-07-16,C,1.065,51.83,0.434977,0.434977,1,21,21,-913.4517,32,2,2,-144.55849134299643,-144.55849134299643,-126.00000000000011,-18.39511799999634
2013-07-17,C,1.005,51.79,0.428046,0.428046,1,21,21,-898.8965999999999,31,3,3,-89.8388363145009,-234.39732765749733,-126.00000000000011,36.53806799999922
2013-07-23,T,0.795,35.81,-0.480437,0.480437,-1,-27,27,1297.1799,60,1,1,0.0,0.0,-0.0,0.0
2013-07-24,T,1.02,35.4,-0.583022,0.583022,-1,-27,27,1574.1594000000002,59,2,2,-1144.2462961500048,-1144.2462961500048,-607.4999999999999,-531.8437590000049
2013-08-01,PG,1.13,81.64,0.411032,0.411032,1,14,14,-575.4448,51,1,1,0.0,0.0,0.0,-0.0
2013-10-11,JPM,1.3849999999999998,52.51,-0.508608,0.508608,-1,-17,17,864.6336,36,1,1,0.0,0.0,-0.0,0.0
2013-10-14,JPM,1.4849999999999999,52.71,-0.536791,0.536791,-1,-17,17,912.5447000000001,33,2,2,1.6640229595023164,1.6640229595023164,-170.00000000000014,172.92672000000246
2013-10-15,JPM,1.315,52.31,-0.49279,0.49279,-1,-17,17,837.7430000000002,32,3,3,-77.97431846349886,-76.31029550399654,288.9999999999999,-365.01787999999874
2013-10-23,T,0.99,35.279,0.566838,0.566838,1,24,24,-1360.4112,59,1,1,0.0,0.0,0.0,-0.0
2013-10-24,T,0.605,34.63,0.43742,0.43742,1,24,24,-1049.808,58,2,2,-46.47122560799876,-46.47122560799876,-924.0,882.9068688000012
2013-10-25,T,0.86,35.19,0.553038,0.553038,1,24,24,-1327.2912000000001,57,3,3,19.22520309600502,-27.24602251199374,612.0,-587.892479999995
2013-10-29,BP,0.635,45.9,0.418843,0.418843,1,7,7,-293.19010000000003,53,1,1,0.0,0.0,0.0,-0.0
2013-10-29,PFE,0.28,31.25,-0.364837,0.364837,-1,-2,2,72.9674,31,1,1,0.0,0.0,-0.0,0.0
2013-10-31,BP,0.525,46.5,0.341538,0.341538,1,7,7,-239.0766,51,3,3,-254.1721988750004,-254.1721988750004,-76.99999999999999,-175.91406000000043
2013-12-18,ORCL,0.855,34.6,0.445189,0.445189,1,31,31,-1380.0859,31,1,1,0.0,0.0,0.0,-0.0
2013-12-19,ORCL,0.535,36.6,0.410287,0.410287,1,31,31,-1271.8897000000002,30,2,2,-3754.15179046,-3754.15179046,-991.9999999999999,-2760.1718
2014-01-14,JPM,1.34,57.74,0.543357,0.543357,1,15,15,-815.0355,39,1,1,0.0,0.0,0.0,-0.0
2014-01-15,JPM,1.01,59.49,0.446711,0.446711,1,15,15,-670.0665,38,2,2,-1925.624227905,-1925.624227905,-495.0000000000001,-1426.312125
2014-01-21,JNJ,0.73,94.03,0.361992,0.361992,1,13,13,-470.58959999999996,32,1,1,0.0,0.0,0.0,-0.0
2014-01-21,IBM,3.95,188.43,-0.444817,0.444817,-1,-5,5,222.4085,32,1,1,0.0,0.0,-0.0,0.0
2014-01-22,JNJ,0.9,94.32,0.412335,0.412335,1,13,13,-536.0355,31,2,2,81.44258735600383,81.44258735600383,221.00000000000006,-136.47098399999624
2014-01-22,IBM,4.125,182.25,-0.612752,0.612752,-1,-5,5,306.376,31,2,2,-1469.6360684375015,-1469.6360684375015,-87.49999999999991,-1374.4845300000015
2014-01-23,JNJ,1.31,92.74,0.536502,0.536502,1,13,13,-697.4526,30,3,3,1372.451179072999,1453.8937664290027,533.0,846.936089999999
2014-02-06,PM,2.3499999999999996,78.11,-0.562294,0.562294,-1,-10,10,562.294,44,1,1,0.0,0.0,-0.0,0.0
2014-02-07,PM,1.895,80.25,-0.528428,0.528428,-1,-10,10,528.428,43,2,2,1656.9502867499998,1656.9502867499998,454.99999999999966,1203.3091600000002
2014-02-10,PM,1.225,78.81,-0.404229,0.404229,-1,-10,10,404.229,40,3,3,-95.83038159499877,1561.119905155001,670.0,-760.9363199999988
2014-02-13,PEP,1.025,79.69,-0.453303,0.453303,-1,-13,13,589.2939,37,1,1,0.0,0.0,-0.0,0.0
2014-02-14,PEP,1.49,78.09,-0.574095,0.574095,-1,-13,13,746.3235,36,2,2,-1553.5014607319968,-1553.5014607319968,-604.5000000000001,-942.8702399999967
2014-02-25,HD,1.24,80.98,-0.479286,0.479286,-1,-1,1,47.928599999999996,31,1,1,0.0,0.0,-0.0,0.0
2014-02-26,HD,1.09,81.7,-0.449169,0.449169,-1,-1,1,44.9169,30,2,2,49.38556405499994,49.38556405499994,14.999999999999991,34.50859199999994
2014-04-11,JPM,1.5950000000000002,55.3,-0.547125,0.547125,-1,-11,11,601.8375,36,1,1,0.0,0.0,-0.0,0.0
2014-04-14,JPM,1.315,54.96,-0.508257,0.508257,-1,-11,11,559.0826999999999,33,2,2,102.20034809600253,102.20034809600253,308.0000000000003,-204.62474999999776
2014-04-15,JPM,1.1349999999999998,54.8,-0.47922,0.47922,-1,-11,11,527.1419999999999,32,3,3,107.67159281999811,209.87194091600065,198.00000000000017,-89.45323200000206
2014-04-17,GE,0.495,26.56,-0.530484,0.530484,-1,-1,1,53.048399999999994,36,1,1,0.0,0.0,-0.0,0.0
2014-04-21,GE,0.495,26.59,-0.541437,0.541437,-1,-1,1,54.143699999999995,32,2,2,1.57688998650006,1.57688998650006,-0.0,1.59145200000006
2014-04-22,GE,0.49,26.58,-0.537791,0.537791,-1,-1,1,53.7791,31,3,3,-0.046282534000084,1.530607452499976,0.5000000000000004,-0.5414370000000845
2014-04-24,MSFT,1.19,39.86,0.475203,0.475203,1,25,25,-1188.0075,58,1,1,0.0,0.0,0.0,-0.0
2014-04-25,MSFT,1.0350000000000001,39.91,0.474992,0.474992,1,25,25,-1187.48,57,2,2,-446.9109012624961,-446.9109012624961,-387.4999999999995,-59.40037499999662
2014-04-29,MRK,1.6099999999999999,58.72,0.536067,0.536067,1,3,3,-160.8201,31,1,1,0.0,0.0,0.0,-0.0
2014-04-30,MRK,1.53,58.56,0.519954,0.519954,1,3,3,-155.98620000000003,30,2,2,1.589679407999496,1.589679407999496,-23.999999999999954,25.73121599999945
2014-07-16,BAC,0.385,15.51,0.506037,0.506037,1,7,7,-354.22589999999997,37,1,1,0.0,0.0,0.0,-0.0
2014-07-18,BAC,0.38,15.49,0.506509,0.506509,1,7,7,-354.55629999999996,35,3,3,3.5819590519998448,3.5819590519998448,-3.500000000000003,7.084517999999848
2014-07-22,MSFT,1.3450000000000002,44.83,-0.482346,0.482346,-1,-15,15,723.519,60,1,1,0.0,0.0,-0.0,0.0
2014-07-23,MSFT,1.045,44.87,-0.474766,0.474766,-1,-15,15,712.149,59,2,2,478.6856740499998,478.6856740499998,450.00000000000045,28.940759999999383
2014-07-29,AMGN,3.2249999999999996,123.31,-0.507489,0.507489,-1,-5,5,253.7445,38,1,1,0.0,0.0,-0.0,0.0
2014-07-31,AMGN,3.3,127.39,-0.510864,0.510864,-1,-5,5,255.432,36,3,3,997.6700746874994,997.6700746874994,-37.500000000000085,1035.2775599999995
2014-10-14,JNJ,2.09,97.01,0.463239,0.463239,1,1,1,-46.3239,39,1,1,0.0,0.0,0.0,-0.0
2014-10-23,MSFT,1.11,45.02,0.514382,0.514382,1,20,20,-1028.7640000000001,30,1,1,0.0,0.0,0.0,-0.0
2014-10-23,CMCSA,1.295,53.22,-0.536788,0.536788,-1,-2,2,107.3576,30,1,1,0.0,0.0,-0.0,0.0
2014-11-05,TM,3.75,121.37,-0.582855,0.582855,-1,-6,6,349.71299999999997,45,1,1,0.0,0.0,-0.0,0.0
2014-11-06,TM,2.8200000000000003,119.83,-0.502758,0.502758,-1,-6,6,301.65479999999997,44,2,2,16.562572946997673,16.562572946997673,557.9999999999998,-538.5580200000021
2014-11-07,TM,2.135,118.67,-0.426784,0.426784,-1,-6,6,256.07039999999995,43,3,3,58.375681626001395,74.93825457299907,411.00000000000034,-349.91956799999895
2015-01-15,BAC,0.645,15.2,0.576329,0.576329,1,43,43,-2478.2147,36,1,1,0.0,0.0,0.0,-0.0
2015-02-03,BP,1.17,41.1,-0.471844,0.471844,-1,-16,16,754.9504,45,1,1,0.0,0.0,-0.0,0.0
2015-02-11,PEP,1.755,100.4,-0.535082,0.535082,-1,-8,8,428.06559999999996,37,1,1,0.0,0.0,-0.0,0.0
2015-02-12,PEP,1.58,100.27,-0.510514,0.510514,-1,-8,8,408.4112,36,2,2,83.36609865599573,83.36609865599573,139.99999999999986,-55.648528000004134
2015-02-24,HD,1.9500000000000002,116.75,-0.47213,0.47213,-1,-1,1,47.213,31,1,1,0.0,0.0,-0.0,0.0
2015-02-25,HD,2.17,116.31,-0.514446,0.514446,-1,-1,1,51.444599999999994,30,2,2,-43.01980869799987,-43.01980869799987,-21.999999999999975,-20.773719999999894
2015-03-17,ORCL,1.4049999999999998,42.87,0.493995,0.493995,1,16,16,-790.392,31,1,1,0.0,0.0,0.0,-0.0
2015-03-18,ORCL,0.865,44.13,0.520447,0.520447,1,16,16,-832.7152,30,2,2,-1860.8277814080036,-1860.8277814080036,-863.9999999999997,-995.8939200000041
2015-04-15,BAC,0.48,15.64,-0.568893,0.568893,-1,-3,3,170.6679,37,1,1,0.0,0.0,-0.0,0.0
2015-04-16,BAC,0.325,15.79,-0.435212,0.435212,-1,-3,3,130.5636,36,2,2,71.78356155149974,71.78356155149974,46.499999999999986,25.600184999999758
2015-04-17,BAC,0.405,15.56,-0.538758,0.538758,-1,-3,3,161.6274,35,3,3,-54.27130436399983,17.512257187499912,-24.000000000000007,-30.029627999999825
2015-04-23,AMZN,21.2,389.99,0.5281,0.5281,1,2,2,-105.62,57,1,1,0.0,0.0,0.0,-0.0
2015-04-27,AMZN,14.975000000000001,438.56,0.504205,0.504205,1,2,2,-100.84100000000001,53,3,3,-6376.011339119998,-6376.011339119998,-1244.9999999999995,-5129.9634
2015-04-30,GILD,4.550000000000001,100.51,0.538372,0.538372,1,8,8,-430.69759999999997,50,1,1,0.0,0.0,0.0,-0.0
2015-05-01,GILD,3.7,105.01,0.517487,0.517487,1,8,8,-413.9896,49,2,2,-2619.0164535400004,-2619.0164535400004,-680.0000000000005,-1938.1391999999998
2015-06-17,ORCL,1.115,44.91,-0.494075,0.494075,-1,-21,21,1037.5575,30,1,1,0.0,0.0,-0.0,0.0
2015-07-14,JNJ,1.435,99.78,0.450899,0.450899,1,10,10,-450.899,38,1,1,0.0,0.0,0.0,-0.0
2015-07-15,JNJ,1.78,100.42,0.523814,0.523814,1,10,10,-523.814,37,2,2,52.76357784999973,52.76357784999973,345.0,-288.5753600000003
2015-07-21,MSFT,1.315,47.28,-0.477916,0.477916,-1,-4,4,191.1664,38,1,1,0.0,0.0,-0.0,0.0
2015-07-22,MSFT,0.96,45.54,-0.503688,0.503688,-1,-4,4,201.47520000000003,37,2,2,-190.86426737600038,-190.86426737600038,142.0,-332.62953600000037
2015-08-04,DIS,2.675,121.69,-0.492314,0.492314,-1,-2,2,98.4628,31,1,1,0.0,0.0,-0.0,0.0
2015-10-16,GE,0.625,28.98,0.498226,0.498226,1,32,32,-1594.3232,35,1,1,0.0,0.0,0.0,-0.0
2015-10-22,AMZN,33.95,563.91,0.523071,0.523071,1,1,1,-52.3071,57,1,1,0.0,0.0,0.0,-0.0
2015-10-23,AMZN,23.75,599.03,0.515364,0.515364,1,1,1,-51.53640000000001,56,2,2,-2857.2561882105006,-2857.2561882105006,-1020.0000000000002,-1837.025352
2015-12-16,ORCL,1.22,38.91,-0.498985,0.498985,-1,-24,24,1197.5639999999999,30,1,1,0.0,0.0,-0.0,0.0
2016-01-19,BAC,0.755,14.24,-0.583896,0.583896,-1,-45,45,2627.5319999999997,31,1,1,0.0,0.0,-0.0,0.0
2016-01-20,BAC,0.815,13.69,-0.569313,0.569313,-1,-45,45,2561.9084999999995,30,2,2,-1715.5917928575016,-1715.5917928575016,-269.9999999999998,-1445.1426000000017
2016-01-22,GE,0.9650000000000001,28.24,-0.540412,0.540412,-1,-30,30,1621.236,56,1,1,0.0,0.0,-0.0,0.0
2016-01-25,GE,0.89,28.04,-0.518171,0.518171,-1,-30,30,1554.5130000000001,53,2,2,-100.18265645999865,-100.18265645999865,225.00000000000023,-324.2471999999989
2016-02-02,GILD,4.4,82.705,0.534724,0.534724,1,3,3,-160.4172,45,1,1,0.0,0.0,0.0,-0.0
2016-02-02,PFE,0.815,30.14,-0.473844,0.473844,-1,-27,27,1279.3788,45,1,1,0.0,0.0,-0.0,0.0
2016-02-04,PFE,0.91,29.0,-0.518886,0.518886,-1,-27,27,1400.9922,43,3,3,-1716.755226300001,-1716.755226300001,-256.5000000000002,-1458.4918320000006
2016-02-09,DIS,4.25,92.32,-0.517854,0.517854,-1,-4,4,207.1416,38,1,1,0.0,0.0,-0.0,0.0
2016-02-23,HD,3.75,124.53,0.475865,0.475865,1,7,7,-333.1055,52,1,1,0.0,0.0,0.0,-0.0
2016-04-13,JPM,1.295,61.79,-0.489674,0.489674,-1,-1,1,48.9674,30,1,1,0.0,0.0,-0.0,0.0
2016-04-19,JNJ,1.52,112.68,0.480469,0.480469,1,1,1,-48.0469,31,1,1,0.0,0.0,0.0,-0.0
2016-04-19,INTC,0.87,31.6,0.510874,0.510874,1,7,7,-357.6118,31,1,1,0.0,0.0,0.0,-0.0
2016-04-20,JNJ,1.3,113.58,0.465667,0.465667,1,1,1,-46.566700000000004,30,2,2,-65.32627055799959,-65.32627055799959,-21.999999999999996,-43.24220999999959
2016-04-20,INTC,0.545,32.0,0.491473,0.491473,1,7,7,-344.0311,30,2,2,-370.7620111999994,-370.7620111999994,-227.49999999999994,-143.0447199999995
2016-04-25,BP,1.0150000000000001,31.79,-0.450309,0.450309,-1,-12,12,540.3708,53,1,1,0.0,0.0,-0.0,0.0
2016-04-27,BP,0.915,33.84,-0.426144,0.426144,-1,-12,12,511.37280000000004,51,3,3,1227.2694938400025,1227.2694938400025,120.00000000000011,1107.7601400000024
2016-07-18,BAC,0.595,14.11,0.550767,0.550767,1,60,60,-3304.6020000000003,60,1,1,0.0,0.0,0.0,-0.0
2016-07-22,GE,0.69,32.06,-0.518588,0.518588,-1,-28,28,1452.0464000000002,56,1,1,0.0,0.0,-0.0,0.0
2016-09-29,PEP,1.6749999999999998,107.76,-0.487246,0.487246,-1,-5,5,243.62300000000002,36,1,1,0.0,0.0,-0.0,0.0
2016-09-30,PEP,1.62,108.77,-0.492441,0.492441,-1,-5,5,246.22050000000002,35,2,2,273.4179649624977,273.4179649624977,27.499999999999858,246.0592299999978
2016-10-03,PEP,1.82,108.25,-0.537341,0.537341,-1,-5,5,268.6705,32,3,3,-229.249766249999,44.16819871249871,-99.99999999999999,-128.03465999999904
2016-10-17,BAC,0.545,16.05,0.533827,0.533827,1,13,13,-693.9751000000001,32,1,1,0.0,0.0,0.0,-0.0
2016-10-17,IBM,3.925,154.77,-0.49877,0.49877,-1,-6,6,299.262,32,1,1,0.0,0.0,-0.0,0.0
2016-10-18,IBM,3.025,150.72,-0.549079,0.549079,-1,-6,6,329.4474,31,2,2,-674.2858717440034,-674.2858717440034,539.9999999999999,-1212.0111000000034
2016-10-21,GE,0.65,28.98,0.495557,0.495557,1,7,7,-346.8899,56,1,1,0.0,0.0,0.0,-0.0
2016-10-21,MCD,2.105,113.93,-0.509085,0.509085,-1,-2,2,101.81700000000001,42,1,1,0.0,0.0,-0.0,0.0
2016-10-24,GE,0.575,28.92,0.497085,0.497085,1,7,7,-347.9595,53,2,2,-31.70207241600049,-31.70207241600049,-52.50000000000005,20.81339399999956
2016-10-24,MCD,1.73,113.57,-0.473633,0.473633,-1,-2,2,94.7266,39,2,2,37.94325163599861,37.94325163599861,75.0,-36.65412000000139
2017-01-20,PG,1.505,87.45,0.499272,0.499272,1,10,10,-499.272,56,1,1,0.0,0.0,0.0,-0.0
2017-01-26,INTC,0.99,37.56,0.491209,0.491209,1,2,2,-98.2418,36,1,1,0.0,0.0,0.0,-0.0
2017-01-30,INTC,0.565,37.42,0.435604,0.435604,1,2,2,-87.1208,32,3,3,-71.45422190999996,-71.45422190999996,-85.00000000000001,13.753852000000055
2017-02-15,PEP,1.105,106.73,0.421791,0.421791,1,1,1,-42.179100000000005,37,1,1,0.0,0.0,0.0,-0.0
2017-02-16,PEP,1.295,108.12,0.468983,0.468983,1,1,1,-46.8983,36,2,2,-39.88406895200004,-39.88406895200004,18.999999999999993,-58.628949000000034
2017-02-21,HD,2.84,145.02,0.464897,0.464897,1,6,6,-278.9382,59,1,1,0.0,0.0,0.0,-0.0
2017-02-22,HD,3.02,145.25,0.480565,0.480565,1,6,6,-288.339,58,2,2,43.161480900002935,43.161480900002935,108.00000000000009,-64.15578599999715
2017-02-23,HD,2.745,144.71,0.458822,0.458822,1,6,6,-275.2932,57,3,3,-10.240868859002253,32.92061204100068,-164.99999999999994,155.7030599999977
2017-04-20,PM,2.7199999999999998,109.98,0.519095,0.519095,1,8,8,-415.27599999999995,57,1,1,0.0,0.0,0.0,-0.0
2017-04-21,PM,2.4299999999999997,109.62,0.499273,0.499273,1,8,8,-399.4184,56,2,2,-83.36979505600029,-83.36979505600029,-232.00000000000003,149.49935999999974
2017-04-26,PG,1.655,87.74,0.544069,0.544069,1,9,9,-489.6621,51,1,1,0.0,0.0,0.0,-0.0
2017-04-27,PG,1.6,87.69,0.533216,0.533216,1,9,9,-479.8944,50,2,2,-25.445159806501334,-25.445159806501334,-49.49999999999994,24.48310499999861
2017-04-28,PG,1.46,87.33,0.504263,0.504263,1,9,9,-453.8367,49,3,3,45.62417452949961,20.17901472299828,-126.00000000000011,172.76198399999973
2017-07-18,IBM,3.4749999999999996,154.0,0.469782,0.469782,1,6,6,-281.8692,31,1,1,0.0,0.0,0.0,-0.0
2017-07-27,PG,1.385,90.68,0.529587,0.529587,1,4,4,-211.8348,36,1,1,0.0,0.0,0.0,-0.0
2017-07-31,PG,1.175,90.82,0.49627,0.49627,1,4,4,-198.50799999999998,32,3,3,-114.2620419879971,-114.2620419879971,-83.99999999999999,-29.65687199999711
2017-10-19,PM,2.21,108.15,0.417105,0.417105,1,2,2,-83.421,57,1,1,0.0,0.0,0.0,-0.0
2017-10-20,PM,2.56,109.52,0.48607,0.48607,1,2,2,-97.214,56,2,2,-45.042074679999196,-45.042074679999196,70.00000000000001,-114.28676999999921
2017-10-26,MSFT,1.8900000000000001,78.76,0.48659,0.48659,1,3,3,-145.977,36,1,1,0.0,0.0,0.0,-0.0
2017-10-27,MSFT,1.25,83.81,0.47887,0.47887,1,3,3,-143.661,35,2,2,-929.2809019799996,-929.2809019799996,-192.00000000000006,-737.1838499999996
2018-01-31,MSFT,3.7249999999999996,95.01,0.510277,0.510277,1,9,9,-459.24929999999995,44,1,1,0.0,0.0,0.0,-0.0
2018-02-16,KO,0.835,44.98,0.511614,0.511614,1,1,1,-51.1614,35,1,1,0.0,0.0,0.0,-0.0
2018-02-21,KO,0.6699999999999999,43.34,0.4765,0.4765,1,1,1,-47.65,30,3,3,67.32860396199966,67.32860396199966,-16.500000000000004,83.90469599999966
2018-04-26,INTC,2.27,53.05,0.509988,0.509988,1,1,1,-50.9988,36,1,1,0.0,0.0,0.0,-0.0
2018-05-15,HD,4.375,187.98,0.527579,0.527579,1,1,1,-52.7579,38,1,1,0.0,0.0,0.0,-0.0
2018-05-16,HD,3.2249999999999996,186.38,0.455449,0.455449,1,1,1,-45.5449,37,2,2,-31.25953947000033,-31.25953947000033,-115.00000000000003,84.4126399999997
2018-06-19,ORCL,1.4,46.27,0.497811,0.497811,1,3,3,-149.3433,31,1,1,0.0,0.0,0.0,-0.0
2018-06-20,ORCL,0.79,42.82,0.486656,0.486656,1,3,3,-145.99679999999998,30,2,2,332.1627364350005,332.1627364350005,-182.99999999999994,515.2343850000004
2018-07-10,PEP,1.9649999999999999,112.89,0.517135,0.517135,1,1,1,-51.7135,31,1,1,0.0,0.0,0.0,-0.0
2018-07-11,PEP,1.7349999999999999,112.54,0.485629,0.485629,1,1,1,-48.5629,30,2,2,-5.0775592620002925,-5.0775592620002925,-23.0,18.099724999999708
2018-07-18,IBM,3.725,144.52,0.494691,0.494691,1,6,6,-296.8146,30,1,1,0.0,0.0,0.0,-0.0
2018-07-24,T,0.97,31.68,0.558271,0.558271,1,2,2,-111.65419999999999,38,1,1,0.0,0.0,0.0,-0.0
2018-07-26,T,0.645,30.35,0.491478,0.491478,1,2,2,-98.29560000000001,36,3,3,83.2973692449998,83.2973692449998,-64.99999999999999,148.50008599999978
2018-07-31,PFE,0.64,39.93,0.448323,0.448323,1,26,26,-1165.6398000000002,52,1,1,0.0,0.0,0.0,-0.0
2018-08-07,DIS,3.55,116.56,0.506021,0.506021,1,2,2,-101.20420000000001,31,1,1,0.0,0.0,0.0,-0.0
2018-08-08,DIS,2.6100000000000003,113.98,0.522113,0.522113,1,2,2,-104.42260000000002,30,2,2,72.92341938399998,72.92341938399998,-187.9999999999999,261.1068359999999
2018-10-12,C,2.1950000000000003,69.84,0.502026,0.502026,1,13,13,-652.6338,35,1,1,0.0,0.0,0.0,-0.0
2018-10-23,MCD,3.675,177.15,0.505288,0.505288,1,1,1,-50.5288,31,1,1,0.0,0.0,0.0,-0.0
2018-10-24,MCD,4.25,177.35,0.517377,0.517377,1,1,1,-51.7377,30,2,2,47.28704079250059,47.28704079250059,57.500000000000014,-10.105759999999425
2018-10-30,AMGN,8.0,189.08,0.493385,0.493385,1,2,2,-98.677,52,1,1,0.0,0.0,0.0,-0.0
2018-10-30,BP,1.505,42.21,-0.494129,0.494129,-1,-2,2,98.8258,52,1,1,0.0,0.0,-0.0,0.0
2018-10-31,BP,1.5,43.37,-0.504826,0.504826,-1,-2,2,100.96520000000001,51,2,2,115.59153511099964,115.59153511099964,0.9999999999999787,114.63792799999966
2018-11-01,BP,1.145,42.65,-0.428894,0.428894,-1,-2,2,85.77880000000002,50,3,3,-2.018793979999893,113.57274113099974,71.0,-72.6949439999999
2018-11-13,HD,4.75,179.0,0.474287,0.474287,1,5,5,-237.1435,38,1,1,0.0,0.0,0.0,-0.0
2018-11-14,HD,5.375,179.9,0.499649,0.499649,1,5,5,-249.8245,37,2,2,97.93019404999868,97.93019404999868,312.5,-213.42915000000133
2019-01-23,CMCSA,1.0,36.89,0.503332,0.503332,1,15,15,-754.9979999999999,30,1,1,0.0,0.0,0.0,-0.0
2019-01-29,PFE,0.925,40.77,0.446184,0.446184,1,24,24,-1070.8416,45,1,1,0.0,0.0,0.0,-0.0
2019-01-29,AMGN,7.15,192.11,0.555073,0.555073,1,2,2,-111.0146,45,1,1,0.0,0.0,0.0,-0.0
2019-01-30,AMGN,5.199999999999999,184.86,0.491779,0.491779,1,2,2,-98.3558,44,2,2,413.6857971159998,413.6857971159998,-390.0000000000002,804.85585
2019-04-23,KO,1.03,48.21,0.561431,0.561431,1,16,16,-898.2896000000001,59,1,1,0.0,0.0,0.0,-0.0
2019-04-24,KO,0.9299999999999999,47.98,0.534198,0.534198,1,16,16,-854.7167999999999,58,2,2,45.56129652800343,45.56129652800343,-160.00000000000014,206.60660800000358
2019-04-25,KO,0.855,47.84,0.508394,0.508394,1,16,16,-813.4304,57,3,3,-1.3272186880055226,44.23407783999791,-119.99999999999993,119.6603519999944
2019-04-30,PFE,0.845,40.61,0.49703,0.49703,1,2,2,-99.406,38,1,1,0.0,0.0,0.0,-0.0
2019-05-21,HD,3.1500000000000004,191.45,-0.468706,0.468706,-1,-3,3,140.61180000000002,31,1,1,0.0,0.0,-0.0,0.0
2019-05-22,HD,3.05,188.91,-0.461739,0.461739,-1,-3,3,138.5217,30,2,2,-327.35139239549875,-327.35139239549875,30.00000000000016,-357.15397199999893
2019-07-23,KO,1.15,54.33,0.583482,0.583482,1,1,1,-58.34819999999999,31,1,1,0.0,0.0,0.0,-0.0
2019-07-24,KO,0.72,53.78,0.477561,0.477561,1,1,1,-47.756099999999996,30,2,2,-11.193311569000164,-11.193311569000164,-42.99999999999999,32.09150999999983
2019-07-30,BP,0.685,39.99,0.446642,0.446642,1,18,18,-803.9556,52,1,1,0.0,0.0,0.0,-0.0
2019-07-30,PG,3.0999999999999996,120.41,0.553432,0.553432,1,6,6,-332.05920000000003,52,1,1,0.0,0.0,0.0,-0.0
2019-07-31,BP,0.5700000000000001,39.74,0.38545,0.38545,1,18,18,-693.8100000000001,51,2,2,-8.199693071999999,-8.199693071999999,-207.0,200.9889
2019-08-01,BP,0.84,39.0,0.449382,0.449382,1,18,18,-808.8876,50,3,3,997.1753868000013,988.9756937280014,485.99999999999983,513.4194000000015
2019-08-20,HD,4.25,217.09,-0.48563,0.48563,-1,-4,4,194.252,31,1,1,0.0,0.0,-0.0,0.0
2019-08-21,HD,4.325,220.4,-0.514483,0.514483,-1,-4,4,205.7932,30,2,2,611.7022797600004,611.7022797600004,-30.00000000000007,642.9741200000004
2019-10-17,PM,2.055,79.85,0.512736,0.512736,1,4,4,-205.09439999999998,36,1,1,0.0,0.0,0.0,-0.0
2019-10-21,PM,1.96,81.8,0.505332,0.505332,1,4,4,-202.1328,32,3,3,-438.0552094400006,-438.0552094400006,-38.00000000000008,-399.93408000000056
2019-10-23,BA,14.975,340.5,-0.514639,0.514639,-1,-2,2,102.92779999999999,58,1,1,0.0,0.0,-0.0,0.0
2019-10-24,BA,13.850000000000001,344.55,-0.502607,0.502607,-1,-2,2,100.5214,57,2,2,641.4430274400007,641.4430274400007,224.99999999999966,416.85759000000115
2019-10-25,BA,13.8,339.83,-0.5052,0.5052,-1,-2,2,101.03999999999999,56,3,3,-464.5491259190026,176.8939015209981,10.000000000000142,-474.4610080000027
2019-10-29,PFE,0.955,38.21,0.505785,0.505785,1,24,24,-1213.884,52,1,1,0.0,0.0,0.0,-0.0
2019-10-29,MRK,2.2249999999999996,85.1,0.527795,0.527795,1,9,9,-475.0155,52,1,1,0.0,0.0,0.0,-0.0
2019-11-07,DIS,4.4,132.96,0.509843,0.509843,1,1,1,-50.984300000000005,36,1,1,0.0,0.0,0.0,-0.0
2019-11-08,DIS,3.045,137.96,0.493244,0.493244,1,1,1,-49.324400000000004,35,2,2,-390.53599990200007,-390.53599990200007,-135.50000000000006,-254.92150000000004
2019-11-19,HD,6.525,225.86,-0.51789,0.51789,-1,-4,4,207.15599999999998,59,1,1,0.0,0.0,-0.0,0.0
2019-11-20,HD,6.275,220.9,-0.517323,0.517323,-1,-4,4,206.92919999999998,58,2,2,-927.5188100600014,-927.5188100600014,100.0,-1027.4937600000014
2020-01-23,PG,2.915,124.99,0.526742,0.526742,1,7,7,-368.71940000000006,57,1,1,0.0,0.0,0.0,-0.0
2020-01-24,PG,3.0999999999999996,125.14,0.537376,0.537376,1,7,7,-376.1632,56,2,2,73.72633143399763,73.72633143399763,129.49999999999972,-55.3079100000021
2020-01-29,MSFT,4.6,168.04,0.53407,0.53407,1,1,1,-53.407000000000004,30,1,1,0.0,0.0,0.0,-0.0
2020-02-06,PM,2.33,86.18,-0.536245,0.536245,-1,-1,1,53.6245,36,1,1,0.0,0.0,-0.0,0.0
2020-02-10,PM,1.87,88.75,-0.496085,0.496085,-1,-1,1,49.6085,32,3,3,183.63675499999962,183.63675499999962,46.0,137.81496499999963
2020-04-20,IBM,8.2,120.41,0.516183,0.516183,1,7,7,-361.3281,60,1,1,0.0,0.0,0.0,-0.0
2020-04-28,PFE,1.32,37.91,0.471113,0.471113,1,26,26,-1224.8938,52,1,1,0.0,0.0,0.0,-0.0
2020-04-29,PFE,1.365,38.12,0.49164,0.49164,1,26,26,-1278.2640000000001,51,2,2,-141.24493401200124,-141.24493401200124,116.99999999999982,-257.22769800000106
2020-07-16,BAC,1.1949999999999998,23.93,0.512053,0.512053,1,38,38,-1945.8014,36,1,1,0.0,0.0,0.0,-0.0
2020-07-17,BAC,1.23,23.22,0.555918,0.555918,1,38,38,-2112.4884,35,2,2,1512.583757930002,1512.583757930002,133.00000000000054,1381.5189940000016
2020-07-23,T,1.0350000000000001,29.9,0.496142,0.496142,1,31,31,-1538.0402000000001,57,1,1,0.0,0.0,0.0,-0.0
2020-07-31,CVX,3.4,83.94,0.452236,0.452236,1,1,1,-45.223600000000005,49,1,1,0.0,0.0,0.0,-0.0
2020-07-31,MRK,2.885,80.24,0.525366,0.525366,1,11,11,-577.9026,49,1,1,0.0,0.0,0.0,-0.0
2020-08-03,CVX,3.575,84.81,0.480664,0.480664,1,1,1,-48.0664,46,2,2,-21.965080934000177,-21.965080934000177,17.50000000000003,-39.34453200000021
2020-08-03,MRK,2.855,82.54,0.51979,0.51979,1,11,11,-571.769,46,2,2,-1362.4291136720065,-1362.4291136720065,-32.99999999999979,-1329.1759800000066
2020-08-18,HD,7.425,285.0,-0.495688,0.495688,-1,-3,3,148.7064,31,1,1,0.0,0.0,-0.0,0.0
2020-10-27,PFE,1.5550000000000002,37.43,0.487197,0.487197,1,5,5,-243.59849999999997,31,1,1,0.0,0.0,0.0,-0.0
2020-10-28,PFE,1.5899999999999999,35.45,0.487368,0.487368,1,5,5,-243.684,30,2,2,499.823514512499,499.823514512499,17.49999999999985,482.3250299999992
2020-11-17,HD,7.975,272.47,-0.493388,0.493388,-1,-2,2,98.6776,37,1,1,0.0,0.0,-0.0,0.0
2021-01-28,MA,15.875,324.28,-0.518568,0.518568,-1,-1,1,51.8568,50,1,1,0.0,0.0,-0.0,0.0
2021-01-29,MA,17.225,316.29,-0.539171,0.539171,-1,-1,1,53.91709999999999,49,2,2,-549.6616581434977,-549.6616581434977,-135.00000000000014,-414.33583199999754
2021-02-02,PFE,1.3599999999999999,34.99,0.51904,0.51904,1,25,25,-1297.6,45,1,1,0.0,0.0,0.0,-0.0
2021-02-03,PFE,1.2,34.84,0.499142,0.499142,1,25,25,-1247.855,44,2,2,-206.2265579000017,-206.2265579000017,-399.99999999999983,194.63999999999814
2021-02-04,PFE,1.115,34.89,0.502566,0.502566,1,25,25,-1256.415,43,3,3,-275.04207919999635,-481.26863709999805,-212.49999999999991,-62.392749999996454
2021-02-11,DIS,10.675,190.91,0.539993,0.539993,1,4,4,-215.99719999999996,36,1,1,0.0,0.0,0.0,-0.0
2021-02-11,PEP,3.3,134.97,0.500501,0.500501,1,6,6,-300.30060000000003,36,1,1,0.0,0.0,0.0,-0.0
2021-02-23,HD,8.025,267.24,-0.491748,0.491748,-1,-1,1,49.174800000000005,37,1,1,0.0,0.0,-0.0,0.0
2021-02-25,HD,8.775,255.25,-0.502015,0.502015,-1,-1,1,50.2015,35,3,3,-664.7368845875005,-664.7368845875005,-75.0,-589.6058520000005
2021-03-23,ADBE,24.425,460.2,0.528169,0.528169,1,1,1,-52.8169,59,1,1,0.0,0.0,0.0,-0.0
2021-03-25,ADBE,22.2,450.99,0.532026,0.532026,1,1,1,-53.2026,57,3,3,263.8566755784988,263.8566755784988,-222.50000000000014,486.4436489999989
2021-04-22,T,0.59,31.36,0.477385,0.477385,1,31,31,-1479.8935000000001,36,1,1,0.0,0.0,0.0,-0.0
2021-04-23,T,0.5800000000000001,31.4,0.48553,0.48553,1,31,31,-1505.1430000000003,35,2,2,-90.59215714999843,-90.59215714999843,-30.999999999999684,-59.19573999999874
2021-06-17,ADBE,18.575,551.36,0.520869,0.520869,1,1,1,-52.0869,36,1,1,0.0,0.0,0.0,-0.0
2021-06-18,ADBE,20.575000000000003,565.59,0.522944,0.522944,1,1,1,-52.294399999999996,35,2,2,-541.2552669625006,-541.2552669625006,200.00000000000034,-741.1965870000009
2021-07-14,BAC,1.17,38.86,0.498366,0.498366,1,24,24,-1196.0783999999999,37,1,1,0.0,0.0,0.0,-0.0
2021-07-15,BAC,1.11,38.83,0.493083,0.493083,1,24,24,-1183.3991999999998,36,2,2,-108.36381466799824,-108.36381466799824,-143.9999999999996,35.882352000001354
2021-07-16,BAC,1.17,37.92,0.501942,0.501942,1,24,24,-1204.6607999999999,35,3,3,1220.4901520639953,1112.126337395997,143.9999999999996,1076.8932719999957
2021-07-28,PFE,1.29,43.45,0.518382,0.518382,1,20,20,-1036.7640000000001,51,1,1,0.0,0.0,0.0,-0.0
2021-07-29,PFE,1.06,42.79,0.4856,0.4856,1,20,20,-971.2,50,2,2,222.86149822000394,222.86149822000394,-460.0,684.264240000004
2021-07-30,PFE,1.065,42.81,0.48816,0.48816,1,20,20,-976.32,49,3,3,-9.53359360000325,213.32790462000068,9.999999999999787,-19.424000000003037
2021-08-12,DIS,5.8,179.29,-0.499148,0.499148,-1,-5,5,249.574,36,1,1,0.0,0.0,-0.0,0.0
2021-08-13,DIS,5.475,181.08,-0.547481,0.547481,-1,-5,5,273.7405,35,2,2,607.0494250900051,607.0494250900051,162.50000000000006,446.7374600000051
2021-08-25,CRM,13.7,260.85,0.536097,0.536097,1,3,3,-160.8291,51,1,1,0.0,0.0,0.0,-0.0
2021-08-26,CRM,9.65,267.79,0.487071,0.487071,1,3,3,-146.1213,50,2,2,-2333.1232548809994,-2333.1232548809994,-1214.9999999999995,-1116.1539539999997
2021-09-23,ACN,8.95,343.0,0.469189,0.469189,1,2,2,-93.8378,57,1,1,0.0,0.0,0.0,-0.0
2021-09-24,ACN,8.75,339.23,0.483789,0.483789,1,2,2,-96.7578,56,2,2,313.2732301999984,313.2732301999984,-39.99999999999986,353.7685059999983
2021-09-27,ACN,9.0,334.51,0.491544,0.491544,1,2,2,-98.30879999999999,53,3,3,506.4374034950026,819.710633695001,50.0,456.6968160000026
2021-10-19,NFLX,24.625,639.0,-0.508567,0.508567,-1,-1,1,50.8567,31,1,1,0.0,0.0,-0.0,0.0
2021-10-20,NFLX,17.925,625.14,-0.514137,0.514137,-1,-1,1,51.41369999999999,30,2,2,-35.04796349000071,-35.04796349000071,669.9999999999999,-704.8738620000006
2021-10-26,LLY,9.0,248.44,-0.482681,0.482681,-1,-3,3,144.8043,52,1,1,0.0,0.0,-0.0,0.0
2021-10-27,LLY,9.7,250.17,-0.509593,0.509593,-1,-3,3,152.87789999999998,51,2,2,39.50155274399878,39.50155274399878,-209.99999999999977,250.51143899999855
2021-11-02,PFE,1.5750000000000002,45.45,0.515228,0.515228,1,20,20,-1030.4560000000001,45,1,1,0.0,0.0,0.0,-0.0
2021-11-03,PFE,1.2349999999999999,44.82,0.45117,0.45117,1,20,20,-902.3400000000001,44,2,2,-33.68379955999785,-33.68379955999785,-680.0000000000006,649.1872800000027
2021-11-04,PFE,1.375,43.85,0.495886,0.495886,1,20,20,-991.7720000000002,43,3,3,1153.3090033999993,1119.6252038400014,280.0000000000002,875.2697999999991
2021-11-16,HD,9.975,392.33,-0.537789,0.537789,-1,-2,2,107.55779999999999,31,1,1,0.0,0.0,-0.0,0.0
2021-11-17,HD,8.45,394.85,-0.492459,0.492459,-1,-2,2,98.49179999999998,30,2,2,574.2558009500041,574.2558009500041,305.00000000000006,271.0456560000041
2021-12-09,ORCL,3.575,88.77,-0.508987,0.508987,-1,-1,1,50.8987,36,1,1,0.0,0.0,-0.0,0.0
2021-12-10,ORCL,3.17,102.63,-0.497668,0.497668,-1,-1,1,49.7668,35,2,2,745.8978985514999,745.8978985514999,40.50000000000003,705.455982
2021-12-13,ORCL,2.855,100.89,-0.506305,0.506305,-1,-1,1,50.630500000000005,32,3,3,-55.13780134649976,690.7600972050002,31.499999999999993,-86.59423199999975
2021-12-20,NKE,8.825,156.98,0.565379,0.565379,1,5,5,-282.68949999999995,32,1,1,0.0,0.0,0.0,-0.0
2021-12-21,NKE,4.725,166.63,0.49069,0.49069,1,5,5,-245.34499999999997,31,2,2,-4781.065032017501,-4781.065032017501,-2049.9999999999995,-2727.953675000001
2022-01-27,MCD,6.925000000000001,248.74,-0.480266,0.480266,-1,-3,3,144.0798,50,1,1,0.0,0.0,-0.0,0.0
2022-01-31,MCD,5.9,259.45,-0.486998,0.486998,-1,-3,3,146.0994,46,3,3,1850.3326653899971,1850.3326653899971,307.5000000000001,1543.094657999997
2022-05-03,PFE,2.3,49.29,0.51706,0.51706,1,18,18,-930.708,45,1,1,0.0,0.0,0.0,-0.0
2022-05-04,PFE,1.745,49.66,0.464877,0.464877,1,18,18,-836.7786,44,2,2,-1345.6942270019972,-1345.6942270019972,-998.9999999999995,-344.3619599999976
2022-05-17,HD,11.225,300.95,-0.526025,0.526025,-1,-2,2,105.205,31,1,1,0.0,0.0,-0.0,0.0
2022-05-18,HD,11.6,285.18,-0.518017,0.518017,-1,-2,2,103.6034,30,2,2,-1734.311222143998,-1734.311222143998,-75.0,-1659.082849999998
2022-06-13,ORCL,3.2,64.05,-0.482911,0.482911,-1,-1,1,48.2911,32,1,1,0.0,0.0,-0.0,0.0
2022-06-15,ORCL,2.1950000000000003,69.7,-0.493259,0.493259,-1,-1,1,49.325900000000004,30,3,3,373.3086522200003,373.3086522200003,100.49999999999999,272.8447150000003
2022-07-12,PEP,4.825,169.5,0.507743,0.507743,1,5,5,-253.87150000000003,38,1,1,0.0,0.0,0.0,-0.0
2022-07-13,PEP,4.949999999999999,170.1,0.526901,0.526901,1,5,5,-263.4505,37,2,2,-90.63759394999902,-90.63759394999902,62.49999999999956,-152.32289999999858
2022-07-14,PEP,5.300000000000001,170.98,0.556731,0.556731,1,5,5,-278.3655,36,3,3,-58.11152334999808,-148.7491172999971,175.0000000000007,-231.8364399999988
2022-08-16,HD,9.45,327.38,0.549994,0.549994,1,2,2,-109.9988,31,1,1,0.0,0.0,0.0,-0.0
2022-08-17,HD,8.55,325.76,0.518026,0.518026,1,2,2,-103.6052,30,2,2,-2.843333567999224,-2.843333567999224,-179.99999999999972,178.1980560000005
2022-10-27,AMZN,9.025,110.96,0.546826,0.546826,1,5,5,-273.413,50,1,1,0.0,0.0,0.0,-0.0
2022-10-28,AMZN,6.95,103.41,0.552928,0.552928,1,5,5,-276.464,49,2,2,1026.610398044999,1026.610398044999,-1037.5000000000002,2064.2681499999994
2022-10-31,AMZN,6.525,102.44,0.550352,0.550352,1,5,5,-275.176,46,3,3,55.60410863999976,1082.214506684999,-212.49999999999994,268.1700799999997
2022-11-15,HD,11.4,311.93,0.538805,0.538805,1,2,2,-107.761,31,1,1,0.0,0.0,0.0,-0.0
2022-11-16,HD,10.6,314.91,0.507243,0.507243,1,2,2,-101.4486,30,2,2,-482.12169894200207,-482.12169894200207,-160.00000000000014,-321.12778000000196
2023-01-24,DHR,12.05,271.58,-0.564241,0.564241,-1,-3,3,169.27229999999997,52,1,1,0.0,0.0,-0.0,0.0
2023-02-02,LLY,11.6,330.7,0.530401,0.530401,1,2,2,-106.0802,43,1,1,0.0,0.0,0.0,-0.0
2023-02-03,LLY,10.7,339.08,0.508293,0.508293,1,2,2,-101.6586,42,2,2,-1069.7017140639996,-1069.7017140639996,-180.00000000000006,-888.9520759999996
2023-02-09,PEP,2.385,172.78,0.405025,0.405025,1,6,6,-243.01500000000004,36,1,1,0.0,0.0,0.0,-0.0
2023-02-10,PEP,4.225,176.2,0.572401,0.572401,1,6,6,-343.4406000000001,35,2,2,264.04120464000295,264.04120464000295,1104.0,-831.1112999999971
2023-02-13,PEP,2.205,177.77,0.397485,0.397485,1,6,6,-238.49100000000004,32,3,3,-1760.530187196007,-1496.4889825560042,-1211.9999999999995,-539.2017420000076
2023-03-02,COST,20.2,485.69,0.549427,0.549427,1,1,1,-54.9427,50,1,1,0.0,0.0,0.0,-0.0
2023-03-03,COST,17.175,475.26,0.54685,0.54685,1,1,1,-54.684999999999995,49,2,2,270.49112374900045,270.49112374900045,-302.4999999999999,573.0523610000004
2023-03-06,COST,15.375,483.08,0.522955,0.522955,1,1,1,-52.2955,46,3,3,-608.2138598299996,-337.72273608099914,-180.00000000000006,-427.63669999999956
2023-03-15,ADBE,17.85,333.61,-0.526915,0.526915,-1,-2,2,105.38300000000001,37,1,1,0.0,0.0,-0.0,0.0
2023-03-16,ADBE,14.475,353.29,-0.518516,0.518516,-1,-2,2,103.7032,36,2,2,2748.6407117290014,2748.6407117290014,675.0000000000003,2073.937440000001
2023-03-17,ADBE,15.225000000000001,358.14,-0.51698,0.51698,-1,-2,2,103.396,35,3,3,352.9055096959961,3101.5462214249974,-150.00000000000034,502.96051999999645
2023-03-23,ACN,14.0,271.66,-0.551431,0.551431,-1,-2,2,110.28620000000001,57,1,1,0.0,0.0,-0.0,0.0
2023-03-24,ACN,13.35,272.0,-0.550905,0.550905,-1,-2,2,110.181,56,2,2,167.4830007999973,167.4830007999973,130.00000000000006,37.49730799999725
2023-03-27,ACN,10.75,273.96,-0.511781,0.511781,-1,-2,2,102.35620000000002,53,3,3,734.8829188959976,902.3659196959949,519.9999999999999,215.95475999999775
2023-04-24,KO,1.03,63.95,0.541072,0.541072,1,7,7,-378.7504,32,1,1,0.0,0.0,0.0,-0.0
2023-04-25,KO,1.0899999999999999,63.85,0.523076,0.523076,1,7,7,-366.1532,31,2,2,79.47287439000041,79.47287439000041,41.99999999999988,37.87504000000054
2023-04-26,KO,0.8999999999999999,63.55,0.474509,0.474509,1,7,7,-332.15630000000004,30,3,3,-24.234291497498376,55.23858289250204,-132.99999999999994,109.84596000000157
2023-05-02,PFE,0.79,39.06,-0.497863,0.497863,-1,-2,2,99.5726,31,1,1,0.0,0.0,-0.0,0.0
2023-05-03,PFE,0.97,38.45,-0.576085,0.576085,-1,-2,2,115.21699999999998,30,2,2,-97.04004958999994,-97.04004958999994,-35.999999999999986,-60.73928599999994
2023-05-16,HD,8.7,282.33,0.576727,0.576727,1,2,2,-115.3454,31,1,1,0.0,0.0,0.0,-0.0
2023-05-17,HD,8.35,292.39,0.58003,0.58003,1,2,2,-116.00600000000001,30,2,2,-1230.4713004170003,-1230.4713004170003,-69.99999999999993,-1160.3747240000002
2023-05-25,COST,21.35,486.55,-0.562889,0.562889,-1,-1,1,56.2889,57,1,1,0.0,0.0,-0.0,0.0
2023-05-26,COST,19.25,507.26,-0.574206,0.574206,-1,-1,1,57.4206,56,2,2,1375.456085928999,1375.456085928999,210.00000000000014,1165.7431189999988
2023-05-30,COST,16.5,508.03,-0.530448,0.530448,-1,-1,1,53.0448,52,3,3,318.1023431629989,1693.558429091998,275.0,44.213861999998954
2023-06-22,ACN,11.5,307.25,0.56956,0.56956,1,2,2,-113.91199999999999,57,1,1,0.0,0.0,0.0,-0.0
2023-06-23,ACN,9.5,298.43,0.507193,0.507193,1,2,2,-101.43860000000001,56,2,2,602.8426216189991,602.8426216189991,-400.0,1004.7038399999991
2023-06-26,ACN,11.75,297.41,0.568311,0.568311,1,2,2,-113.66220000000001,53,3,3,551.6496615619982,1154.4922831809972,450.0,103.46737199999816
2023-07-13,PEP,2.37,187.53,0.428391,0.428391,1,5,5,-214.1955,36,1,1,0.0,0.0,0.0,-0.0
2023-07-14,PEP,2.355,188.21,0.44744,0.44744,1,5,5,-223.72,35,2,2,-154.04924307250153,-154.04924307250153,-7.500000000000062,-145.65294000000148
2023-07-18,BAC,0.685,30.7,-0.476925,0.476925,-1,-32,32,1526.1599999999999,31,1,1,0.0,0.0,-0.0,0.0
2023-07-19,BAC,0.615,31.53,-0.442175,0.442175,-1,-32,32,1414.9599999999998,30,2,2,1488.959732000003,1488.959732000003,224.0000000000002,1266.7128000000027
2023-07-26,KO,0.96,63.05,0.566521,0.566521,1,13,13,-736.4773,30,1,1,0.0,0.0,0.0,-0.0
2023-08-01,PFE,0.725,35.61,-0.466502,0.466502,-1,-3,3,139.9506,31,1,1,0.0,0.0,-0.0,0.0
2023-08-08,LLY,18.525,521.6,0.544999,0.544999,1,1,1,-54.499900000000004,38,1,1,0.0,0.0,0.0,-0.0
2023-08-10,LLY,17.1,521.34,0.542158,0.542158,1,1,1,-54.21580000000001,36,3,3,-128.4040823470002,-128.4040823470002,-142.49999999999972,14.169973999999506
2023-08-15,HD,8.85,332.14,0.556524,0.556524,1,2,2,-111.3048,31,1,1,0.0,0.0,0.0,-0.0
2023-08-16,HD,6.3,333.03,0.46484,0.46484,1,2,2,-92.96799999999999,30,2,2,-612.1146242519984,-612.1146242519984,-509.99999999999994,-99.06127199999848
2023-10-17,JNJ,4.05,156.09,-0.5799,0.5799,-1,-5,5,289.95,31,1,1,0.0,0.0,-0.0,0.0
2023-10-18,JNJ,2.3449999999999998,152.73,-0.424318,0.424318,-1,-5,5,212.159,30,2,2,-127.67250971500395,-127.67250971500395,852.5,-974.232000000004
2023-10-24,MSFT,15.575,330.53,-0.545309,0.545309,-1,-2,2,109.0618,52,1,1,0.0,0.0,-0.0,0.0
2023-10-25,MSFT,14.350000000000001,340.67,-0.547182,0.547182,-1,-2,2,109.43639999999999,51,2,2,1350.8228445090042,1350.8228445090042,244.99999999999957,1105.8866520000047
2023-10-26,MSFT,12.899999999999999,327.89,-0.51285,0.51285,-1,-2,2,102.57000000000001,50,3,3,-1109.7229039480023,241.09994056100186,290.00000000000057,-1398.5971920000031
2023-10-30,MCD,7.125,260.15,0.538033,0.538033,1,3,3,-161.4099,46,1,1,0.0,0.0,0.0,-0.0
2023-10-31,MCD,7.675,262.17,0.592101,0.592101,1,3,3,-177.6303,45,2,2,-163.17424913400626,-163.17424913400626,164.99999999999994,-326.0479980000062
2023-11-01,MCD,7.1,261.97,0.591192,0.591192,1,3,3,-177.35760000000002,44,3,3,-137.00965960950208,-300.18390874350837,-172.50000000000006,35.52605999999798
2023-11-14,HD,5.1,303.63,0.469046,0.469046,1,3,3,-140.7138,31,1,1,0.0,0.0,0.0,-0.0
2023-11-15,HD,4.925,308.19,0.456122,0.456122,1,3,3,-136.8366,30,2,2,-694.7523851340002,-694.7523851340002,-52.49999999999994,-641.6549280000003
2023-12-11,ORCL,4.9,115.13,0.538906,0.538906,1,7,7,-377.2342,39,1,1,0.0,0.0,0.0,-0.0
2023-12-19,ACN,6.85,341.51,0.518969,0.518969,1,1,1,-51.8969,31,1,1,0.0,0.0,0.0,-0.0
2023-12-20,ACN,7.1,339.5,0.530642,0.530642,1,1,1,-53.06419999999999,30,2,2,129.11461982499955,129.11461982499955,25.0,104.31276899999953
2024-01-12,JPM,3.25,169.05,0.50047,0.50047,1,5,5,-250.23499999999999,35,1,1,0.0,0.0,0.0,-0.0
2024-01-23,JNJ,3.4000000000000004,159.81,-0.513517,0.513517,-1,-5,5,256.7585,52,1,1,0.0,0.0,-0.0,0.0
2024-01-24,JNJ,2.8099999999999996,158.96,-0.468131,0.468131,-1,-5,5,234.06550000000004,51,2,2,74.95163536000177,74.95163536000177,295.00000000000034,-218.24472499999857
2024-01-25,JNJ,3.05,159.56,-0.495068,0.495068,-1,-5,5,247.53400000000005,50,3,3,19.364783069998584,94.31641843000035,-120.00000000000011,140.4392999999987
2024-01-31,MA,11.85,449.23,0.543047,0.543047,1,1,1,-54.3047,44,1,1,0.0,0.0,0.0,-0.0
2024-02-01,MA,12.1,460.92,0.566095,0.566095,1,1,1,-56.609500000000004,43,2,2,-610.3531072079998,-610.3531072079998,25.0,-634.8219429999998
2024-02-05,MCD,6.25,285.97,-0.556999,0.556999,-1,-2,2,111.3998,39,1,1,0.0,0.0,-0.0,0.0
2024-02-06,MCD,4.699999999999999,284.65,-0.513576,0.513576,-1,-2,2,102.7152,38,2,2,161.71622830499453,161.71622830499453,310.0000000000001,-147.04773600000559
2024-02-07,MCD,6.325,287.33,-0.611276,0.611276,-1,-2,2,122.2552,37,3,3,-52.53047809999946,109.18575020499506,-325.00000000000017,275.2767360000007
2024-02-14,CSCO,1.975,50.28,0.559612,0.559612,1,16,16,-895.3792,30,1,1,0.0,0.0,0.0,-0.0
2024-04-16,JNJ,3.05,144.45,0.515459,0.515459,1,2,2,-103.0918,31,1,1,0.0,0.0,0.0,-0.0
2024-04-17,JNJ,3.02,144.77,0.531974,0.531974,1,2,2,-106.39479999999999,30,2,2,-39.228463655002194,-39.228463655002194,-5.999999999999961,-32.98937600000223
2024-04-23,PEP,5.175,171.22,0.585093,0.585093,1,4,4,-234.03719999999998,59,1,1,0.0,0.0,0.0,-0.0
2024-04-24,PEP,5.9,177.41,0.628498,0.628498,1,4,4,-251.3992,58,2,2,-1160.2303642099992,-1160.2303642099992,290.0000000000002,-1448.6902679999994
2024-04-30,KO,0.94,61.77,0.509012,0.509012,1,9,9,-458.11080000000004,31,1,1,0.0,0.0,0.0,-0.0
2024-05-01,KO,0.99,61.93,0.542407,0.542407,1,9,9,-488.1663,30,2,2,-29.2283965574984,-29.2283965574984,45.00000000000004,-73.29772799999844
2024-05-14,HD,8.575,340.5,-0.533334,0.533334,-1,-2,2,106.6668,38,1,1,0.0,0.0,-0.0,0.0
2024-05-15,HD,7.075,348.67,-0.493427,0.493427,-1,-2,2,98.6854,37,2,2,1170.0763186310014,1170.0763186310014,299.99999999999983,871.4677560000016
2024-05-16,HD,6.35,342.73,-0.458557,0.458557,-1,-2,2,91.7114,36,3,3,-442.38637550999965,727.6899431210018,145.0000000000001,-586.1912759999998
2024-06-13,ADBE,26.05,458.74,0.53409,0.53409,1,1,1,-53.40899999999999,36,1,1,0.0,0.0,0.0,-0.0
2024-06-14,ADBE,17.424999999999997,525.31,0.543511,0.543511,1,1,1,-54.351099999999995,35,2,2,-4418.184577275497,-4418.184577275497,-862.5000000000003,-3555.437129999996
2024-07-16,BAC,1.26,44.13,-0.560172,0.560172,-1,-18,18,1008.3096,31,1,1,0.0,0.0,-0.0,0.0
2024-07-17,BAC,1.115,43.98,-0.533424,0.533424,-1,-18,18,960.1632000000001,30,2,2,108.6948206639943,108.6948206639943,261.00000000000006,-151.24644000000575
2024-08-13,HD,10.35,350.07,0.513652,0.513652,1,2,2,-102.7304,38,1,1,0.0,0.0,0.0,-0.0
2024-08-14,HD,10.3,355.66,0.521092,0.521092,1,2,2,-104.2184,37,2,2,-584.527547040003,-584.527547040003,-9.999999999999787,-574.2629360000033
2024-09-12,ADBE,33.225,586.55,-0.549932,0.549932,-1,-1,1,54.993199999999995,36,1,1,0.0,0.0,-0.0,0.0
2024-09-13,ADBE,20.125,536.87,-0.557314,0.557314,-1,-1,1,55.731399999999994,35,2,2,-1422.260334716997,-1422.260334716997,1310.0000000000002,-2732.062175999997
2024-10-22,GE,10.225000000000001,176.66,-0.579831,0.579831,-1,-4,4,231.9324,59,1,1,0.0,0.0,-0.0,0.0
2024-10-23,GE,9.925,181.69,-0.581269,0.581269,-1,-4,4,232.50760000000002,58,2,2,1286.5677179560005,1286.5677179560005,120.00000000000028,1166.6199720000002
2024-10-24,GE,8.774999999999999,179.74,-0.544019,0.544019,-1,-4,4,217.60760000000002,57,3,3,5.271117000003424,1291.838834956004,460.00000000000085,-453.3898199999974
2024-10-31,SHEL,2.0999999999999996,67.55,0.50407,0.50407,1,13,13,-655.291,50,1,1,0.0,0.0,0.0,-0.0
2024-11-01,SHEL,1.925,67.49,0.496833,0.496833,1,13,13,-645.8829000000001,49,2,2,-188.50001633449799,-188.50001633449799,-227.4999999999995,39.317460000001496
2024-11-04,SHEL,2.025,67.74,0.512528,0.512528,1,13,13,-666.2864,46,3,3,-32.161791545000185,-220.66180787949816,129.99999999999983,-161.47072500000002
